{"lincosamides": {"detection": 247.07, "ranking": 89.23, "module": {"x_axis_data": [7.46, 43.476, 79.49199999999999, 115.508, 151.524, 187.54, 223.556, 259.572, 295.58799999999997, 331.604, 367.61999999999995, 403.63599999999997, 439.652, 475.66799999999995, 511.68399999999997, 547.7, 583.716, 619.732, 655.748, 691.764, 727.78, 763.796, 799.812, 835.828, 871.844], "bar_data": [29.694323144104807, 19.868995633187772, 15.065502183406112, 10.91703056768559, 10.480349344978166, 5.240174672489083, 3.9301310043668125, 1.7467248908296942, 1.3100436681222707, 0.0, 0.6550218340611353, 0.21834061135371177, 0.43668122270742354, 0.0, 0.0, 0.0, 0.0, 0.0, 0.0, 0.0, 0.0, 0.0, 0.0, 0.0, 0.43668122270742354], "range_count": 25, "name": "lincosamides", "h2": 537.4547483588622, "average": 121.73396061269145, "h1": 312.8473085339168, "l2": 773.8836323851203, "curve_data": [0.0015664579612101382, 0.0016911731965607078, 0.0018197589590431109, 0.001951750092509913, 0.0020866420057229834, 0.0022238966445577908, 0.002362949085920765, 0.0025032146109342252, 0.0026440961032339564, 0.002784991611173571, 0.002925301910410768, 0.0030644379056510903, 0.0032018277169672776, 0.0033369233066839797, 0.0034692065168054403, 0.003598194403791474, 0.0037234437765523115, 0.0038445548642381585, 0.003961174062178659, 0.004072995726662088, 0.004179763011671792, 0.004281267762808235, 0.004377349505055905, 0.004467893581469764, 0.00455282851893412, 0.004632122714559499, 0.004705780551682889, 0.004773838067450206, 0.004836358304188565, 0.004893426483807505, 0.004945145147901114, 0.004991629405691835, 0.00503300242717756, 0.0050693913096472205, 0.0051009234321080415, 0.005127723394303854, 0.005149910615299724, 0.005167597641695797, 0.005180889188265942, 0.005189881905248638, 0.005194664837857269, 0.00519532051613102, 0.005191926588343045, 0.005184557890090025, 0.005173288825029354, 0.005158195922907118, 0.005139360436632986, 0.005116870842958399, 0.005090825120671504, 0.0050613326956154975, 0.005028515962378204, 0.004992511316983092, 0.00495346966187938, 0.004911556372372979, 0.00486695074070145, 0.004819844938640006, 0.004770442560407043, 0.004718956823565317, 0.004665608515785076, 0.004610623779353739, 0.004554231823221359, 0.004496662644628047, 0.004438144829828976, 0.004378903487301094, 0.004319158348508513, 0.004259122052377475, 0.004198998611657124, 0.004138982043786828, 0.0040792551370058645, 0.004019988315171218, 0.003961338562655406, 0.0039034483739158457, 0.003846444700561418, 0.0037904378812741923, 0.0037355205556959866, 0.003681766580995702, 0.003629229987748093, 0.003577944028363156, 0.0035279203850498236, 0.003479148613793619, 0.0034315959049747557, 0.0033852072393198247, 0.0033399060095694647, 0.0032955951637226918, 0.003252158905614698, 0.003209464963953223, 0.0031673674131931224, 0.003125710000448767, 0.003084329903860819, 0.0030430618213051746, 0.003001742265813795, 0.0029602139271012193, 0.002918329948358819, 0.0028759579647774625, 0.002832983755406421, 0.002789314372777454, 0.0027448806345650705, 0.0026996388873286696, 0.0026535719826436426, 0.0026066894389683063, 0.0025590267965593864, 0.0025106442057659336, 0.0024616243193251973, 0.0024120695852913915, 0.002362099057694978, 0.0023118448560779975, 0.002261448412223874, 0.002211056642674048, 0.002160818179388905, 0.0021108797789269156, 0.002061383013842261, 0.0020124613299107225, 0.0019642375306755206, 0.0019168217280663624, 0.0018703097758159836, 0.0018247821822481739, 0.0017803034816814235, 0.0017369220298501856, 0.0016946701787617286, 0.0016535647803517506, 0.0016136079659703055, 0.001574788149676417, 0.0015370812069151686, 0.0015004517856440985, 0.001464854713560243, 0.0014302364719613154, 0.0013965367132320698, 0.0013636898043803858, 0.001331626383017393, 0.0013002749144254663, 0.0012695632388212078, 0.001239420096714625, 0.001209776617671211, 0.001180567754211834, 0.001151733638540518, 0.001123220835824274, 0.001094983464416923, 0.0010669841512343005, 0.0010391947898851592, 0.0010115970704622685, 0.00098418275328785, 0.0009569536644235627, 0.0009299213982814772, 0.0009031067219462663, 0.0008765386864460473, 0.0008502534616877937, 0.0008242929235227156, 0.0007987030328023871, 0.0007735320566949233, 0.0007488286913478183, 0.0007246401516698749, 0.0007010102981137906, 0.0006779778715499818, 0.000655574905449481, 0.0006338253796109678, 0.0006127441717045361, 0.0005923363522460789, 0.0005725968556865051, 0.0005535105456454342, 0.0005350526765806392, 0.0005171897380661596, 0.0004998806520851954, 0.00048307827905105414, 0.0004667311753268565, 0.00045078553441905294, 0.0004351872362570336, 0.00041988392439331056, 0.00040482702976599215, 0.0003899736618974413, 0.00037528829393872784, 0.0003607441765343596, 0.0003463244266640766, 0.00033202275089209846, 0.0003178437772067005, 0.00030380298519778787, 0.0002899262400104266, 0.00027624895065494115, 0.00026281488722159604, 0.0002496747037864755, 0.00023688422384846708, 0.0002245025526633554, 0.0002125900856229236, 0.00020120648377658498, 0.0001904086867481379, 0.00018024902981582, 0.0001707735260581632, 0.00016202036656513678, 0.00015401868218270807, 0.00014678759955158847, 0.00014033561279113335, 0.00013466028054078173, 0.0001297482466583091, 0.0001255755721043781, 0.00012210835578365298, 0.00011930361366980301, 0.00011711037865128475, 0.0001154709783591392, 0.00011432244486372258, 0.00011359800856645201, 0.00011322862880669749, 0.00011314451552965931, 0.00011327659963864564, 0.00011355791415808625, 0.00011392485379994124, 0.00011431828667087051, 0.00011468449838564408, 0.00011497595547214548, 0.0001151518813896978, 0.00011517864448859941, 0.00011502996260727496, 0.00011468693357483173, 0.00011413790455564402, 0.00011337819589059202, 0.00011240969686543369, 0.00011124035173254957, 0.00010988355443657404, 0.0001083574699926341, 0.00010668429950823517, 0.00010488950460761094, 0.0001030010056888741, 0.00010104836718095167, 9.906198190112183e-05, 9.707226583764031e-05, 9.510887424177364e-05, 9.319994980637958e-05, 9.137141388221625e-05, 8.964631204299041e-05, 8.80442257253942e-05, 8.6580761987558e-05, 8.526713348594824e-05, 8.4109840410526e-05, 8.311046520615139e-05, 8.226558934540245e-05, 8.15668391517478e-05, 8.100106470497473e-05, 8.055065225452472e-05, 8.019396644079874e-05, 7.990591415241027e-05, 7.96586172448254e-05, 7.942217685862711e-05, 7.916550796303792e-05, 7.885721926720654e-05, 7.846651102046378e-05, 7.796406165608874e-05, 7.73228738597212e-05, 7.651905153676325e-05, 7.553248131431251e-05, 7.434739556999611e-05, 7.295279838971975e-05, 7.134274111373631e-05, 6.95164399806139e-05, 6.747823453257083e-05, 6.523739159795858e-05, 6.28077655147263e-05, 6.0207330520722684e-05, 5.7457605668431765e-05, 5.4582996030170004e-05, 5.1610076213100984e-05, 4.856684323677828e-05, 4.5481965642545716e-05, 4.2384054372121686e-05, 3.930097859786688e-05, 3.625924648258756e-05, 3.3283466999622397e-05, 3.0395904681917263e-05, 2.7616134724972397e-05, 2.49608014679348e-05, 2.244347912426313e-05, 2.0074629902465147e-05, 1.786165148489315e-05, 1.580900331306858e-05, 1.3918399312890318e-05, 1.2189053592080245e-05, 1.0617965227270683e-05, 9.200228469175324e-06, 7.929355446317898e-06, 6.797599638651271e-06, 5.796269910581131e-06, 4.9160266249778e-06, 4.147153196903868e-06, 3.479798289178311e-06, 2.9041856167427306e-06, 2.410789944896107e-06, 1.990479287472193e-06, 1.634624502397269e-06, 1.3351784279593488e-06, 1.0847274025431356e-06, 8.765184749094639e-07, 7.044658623036631e-07, 5.631402775111232e-07, 4.477446552270693e-07, 3.540795961379289e-07, 2.7850154678165673e-07, 2.1787637525741193e-07, 1.6953061451568775e-07, 1.3120224946717606e-07, 1.0099254018480719e-07, 7.732001518082291e-08, 5.887744595578363e-08, 4.4592332699159676e-08, 3.359119381074482e-08, 2.5167758746312894e-08, 1.8755012435475e-08, 1.3900926568814108e-08, 1.0247633867409909e-08, 7.51375102325003e-09, 5.47952923066219e-09, 3.97450320436067e-09, 2.867315779962794e-09, 2.05741162083555e-09, 1.4683168016286148e-09, 1.0422482981742479e-09, 