{"beta-Glucan": {"detection": 5430.0, "ranking": 17.51, "module": {"x_axis_data": [641.0, 1818.66, 2996.32, 4173.9800000000005, 5351.64, 6529.3, 7706.960000000001, 8884.62, 10062.28, 11239.94, 12417.6, 13595.26, 14772.920000000002, 15950.580000000002, 17128.24, 18305.9, 19483.56, 20661.22, 21838.88, 23016.54, 24194.2, 25371.86, 26549.52, 27727.18, 28904.840000000004], "bar_data": [2.1834061135371177, 4.8034934497816595, 7.860262008733625, 13.100436681222707, 15.065502183406112, 13.537117903930133, 13.537117903930133, 9.170305676855897, 6.550218340611353, 3.2751091703056767, 4.585152838427948, 0.8733624454148471, 2.1834061135371177, 1.0917030567685588, 1.0917030567685588, 0.0, 0.43668122270742354, 0.0, 0.0, 0.0, 0.21834061135371177, 0.0, 0.0, 0.0, 0.43668122270742354], "range_count": 25, "name": "beta-Glucan", "h2": 18293.015317286652, "average": 8242.962800875273, "h1": 12881.448577680527, "l2": 30018.076586433264, "curve_data": [5.524596018794833e-06, 5.847777563436072e-06, 6.179764645417997e-06, 6.520477353404945e-06, 6.869899563510729e-06, 7.228090204376511e-06, 7.5951937260936616e-06, 7.9714494763652e-06, 8.357199697778311e-06, 8.752895879556134e-06, 9.15910322562452e-06, 9.576503037899056e-06, 1.0005892858680314e-05, 1.0448184267921108e-05, 1.0904398288583823e-05, 1.137565841474476e-05, 1.1863181340710397e-05, 1.2368265533198108e-05, 1.2892277850509136e-05, 1.3436638470462231e-05, 1.4002804440589268e-05, 1.4592252207775328e-05, 1.5206459518423429e-05, 1.584688710288703e-05, 1.6514960568242384e-05, 1.721205292077462e-05, 1.7939468123573903e-05, 1.869842606560619e-05, 1.949004927722602e-05, 2.0315351674502905e-05, 2.117522955252202e-05, 2.2070454977969993e-05, 2.300167165611208e-05, 2.3969393269231762e-05, 2.49740042054004e-05, 2.6015762520786524e-05, 2.7094804908245197e-05, 2.821115338214363e-05, 2.9364723336509707e-05, 3.0555332592513725e-05, 3.178271102348983e-05, 3.304651033213967e-05, 3.434631355571818e-05, 3.56816438907959e-05, 3.705197245902614e-05, 3.845672467809427e-05, 3.989528495611274e-05, 4.1366999491166294e-05, 4.287117702820864e-05, 4.4407087500534586e-05, 4.5973958559955954e-05, 4.75709700759244e-05, 4.919724675659273e-05, 5.085184911179573e-05, 5.253376303704627e-05, 5.424188834712801e-05, 5.597502662636878e-05, 5.773186878930907e-05, 5.9510982759819126e-05, 6.131080167880615e-05, 6.312961304098569e-05, 6.496554914066453e-05, 6.68165791763237e-05, 6.868050332550241e-05, 7.055494905675589e-05, 7.243736989606043e-05, 7.432504681275486e-05, 7.621509233664698e-05, 7.810445746480793e-05, 7.99899413651706e-05, 8.186820383537838e-05, 8.373578043017877e-05, 8.558910012944947e-05, 8.742450538186085e-05, 8.923827432608317e-05, 9.102664496200551e-05, 9.278584101815154e-05, 9.451209923773578e-05, 9.620169778401841e-05, 9.785098544519571e-05, 9.945641129962643e-05, 0.00010101455448347937, 0.00010252215368494489, 0.00010397613597228078, 0.00010537364454776524, 0.00010671206500699433, 0.00010798904967404656, 0.00010920253957917987, 0.00011035078364842046, 0.00011143235468516416, 0.00011244616174420863, 0.00011339145852975114, 0.00011426784749185966, 0.00011507527935136549, 0.00011581404785121317, 0.00011648477961266619, 0.00011708841906639567, 0.00011762620852983273, 0.00011809966361099707, 0.00011851054423260145, 0.00011886082168529731, 0.0001191526422318352, 0.00011938828789076589, 0.0001195701351251036, 0.00011970061224414668, 0.00011978215639171394, 0.00011981717103808614, 0.00011980798491320479, 0.00011975681331317204, 0.00011966572267960901, 0.00011953659929174679, 0.00011937112282493826, 0.00011917074541834275, 0.00011893667676151677, 0.00011866987555813306, 0.00011837104755940635, 0.00011804065018503233, 0.00011767890357098989, 0.00011728580770716818, 0.00011686116515919667, 0.0001164046087137047, 0.00011591563314973893, 0.00011539363022584865, 0.00011483792588630775, 0.00011424781863403795, 0.00011362261799397628, 0.00011296168199973845, 0.00011226445267817521, 0.00011153048857938649, 0.00011075949350148275, 0.00010995134068638422, 0.0001091060919109613, 0.00010822401106183072, 0.00010730557195666206, 0.00010635146035414325, 0.00010536257027289534, 0.00010433999491089436, 0.00010328501261585476, 0.00010219906849864876, 0.0001010837524018528, 9.994077403044656e-05, 9.877193611893501e-05, 9.757910654708883e-05, 9.636419032445701e-05, 9.512910234217186e-05, 9.387574174062792e-05, 9.260596866560516e-05, 9.132158408627914e-05, 9.002431322999488e-05, 8.87157930548421e-05, 8.739756403652813e-05, 8.607106639556125e-05, 8.473764073916803e-05, 8.339853294440722e-05, 8.205490296909973e-05, 8.070783714958503e-05, 7.935836343258265e-05, 7.800746889563648e-05, 7.665611883916437e-05, 7.530527668475056e-05, 7.395592389000929e-05, 7.260907909039887e-05, 7.126581570237293e-05, 6.992727726914972e-05, 6.859468989848022e-05, 6.726937122889418e-05, 6.595273546431641e-05, 6.464629413362925e-05, 6.335165235836486e-05, 6.207050054471937e-05, 6.0804601551847596e-05, 5.955577352329215e-05, 5.832586869884296e-05, 5.711674864671538e-05, 5.593025646749758e-05, 5.476818661897835e-05, 5.363225309221724e-05, 5.252405673196702e-05, 5.144505253716218e-05, 5.039651779851535e-05, 4.937952192967868e-05, 4.839489882584022e-05, 4.744322253947416e-05, 4.652478699821016e-05, 4.563959040590281e-05, 4.478732486691325e-05, 4.3967371657747e-05, 4.317880244228001e-05, 4.2420386589940856e-05, 4.169060461372691e-05, 4.098766760031338e-05, 4.0309542361347344e-05, 3.9653981896878286e-05, 3.901856063222222e-05, 3.8400713771678486e-05, 3.779778000940246e-05, 3.720704675202109e-05, 3.662579694146131e-05, 3.605135652163552e-05, 3.548114157025199e-05, 3.4912704117653344e-05, 3.434377569821363e-05, 3.377230772581343e-05, 3.319650785205988e-05, 3.261487155248267e-05, 3.2026208289673095e-05, 3.142966172058001e-05, 3.082472354492235e-05, 3.0211240729649335e-05, 2.9589415987140226e-05, 2.8959801528880277e-05, 2.8323286258204593e-05, 2.768107670201638e-05, 2.703467210902809e-05, 2.6385834258196273e-05, 2.573655262315136e-05, 2.5089005624494915e-05, 2.4445518770249435e-05, 2.380852053438266e-05, 2.3180496853565318e-05, 2.2563945133031704e-05, 2.1961328643938945e-05, 2.1375032167750527e-05, 2.080731969909295e-05, 2.02602949587961e-05, 1.9735865395262002e-05, 1.923571026699183e-05, 1.8761253304283184e-05, 1.8313640346142304e-05, 1.7893722241750445e-05, 1.7502043196771832e-05, 1.7138834635730267e-05, 1.680401454483942e-05, 1.649719215712508e-05, 1.6217677745318272e-05, 1.596449719951395e-05, 1.573641098742396e-05, 1.553193702642115e-05, 1.534937693941129e-05, 1.5186845121581828e-05, 1.5042300012686309e-05, 1.4913576949910133e-05, 1.4798421969458734e-05, 1.4694525930505642e-05, 1.4599558352509553e-05, 1.4511200385419453e-05, 1.4427176371010596e-05, 1.4345283501437882e-05, 1.4263419136814274e-05, 1.4179605405854943e-05, 1.4092010780909226e-05, 1.3998968389503056e-05, 1.3898990897256536e-05, 1.379078187015492e-05, 1.3673243596070608e-05, 1.3545481414671094e-05, 1.3406804669988554e-05, 1.3256724459687127e-05, 1.3094948408308234e-05, 1.2921372737541814e-05, 1.2736071944104885e-05, 1.2539286424565904e-05, 1.2331408406122547e-05, 1.2112966552845924e-05, 1.1884609618407355e-05, 1.1647089509189922e-05, 1.1401244106563359e-05, 1.1147980174759366e-05, 1.0888256652193389e-05, 1.0623068590336996e-05, 1.0353431966554004e-05, 1.0080369556938845e-05, 9.804898013422773e-06, 9.528016247512939e-06, 9.250695182214857e-06, 8.973868895079873e-06, 8.698427139913209e-06, 8.425209203316398e-06, 8.15499902558837e-06, 7.888521494049962e-06, 7.626439800862955e-06, 7.369353746965186e-06, 7.117798868716842e-06, 6.872246263947065e-06, 6.6331029988342395e-06, 6.400712985835439e-06, 6.175358234973289e-06, 5.957260395380247e-06, 5.746582520228938e-06, 5.543431005164653e-06, 5.3478576672412815e-06, 5.1598619473342295e-06, 4.979393233333176e-06, 4.806353313478404e-06, 4.64059897850145e-06, 4.481944797410452e-06, 4.330166094624981e-06, 4.185002155674051e-06, 4.046159684940895e-06, 3.913316532232209e-06, 3.7861256956654585e-06, 