{"SteroidDegradation": {"detection": 6270.5, "ranking": 60.54, "module": {"x_axis_data": [30.0, 1008.92, 1987.84, 2966.7599999999998, 3945.68, 4924.599999999999, 5903.5199999999995, 6882.44, 7861.36, 8840.279999999999, 9819.199999999999, 10798.119999999999, 11777.039999999999, 12755.96, 13734.88, 14713.8, 15692.72, 16671.64, 17650.559999999998, 18629.48, 19608.399999999998, 20587.32, 21566.239999999998, 22545.16, 23524.079999999998], "bar_data": [19.868995633187772, 11.353711790393014, 8.296943231441048, 10.043668122270741, 8.296943231441048, 6.986899563318777, 9.606986899563319, 5.676855895196507, 5.021834061135371, 3.711790393013101, 3.056768558951965, 2.4017467248908297, 0.6550218340611353, 0.8733624454148471, 0.6550218340611353, 1.0917030567685588, 1.0917030567685588, 0.0, 0.0, 0.43668122270742354, 0.21834061135371177, 0.0, 0.0, 0.21834061135371177, 0.43668122270742354], "range_count": 25, "name": "SteroidDegradation", "h2": 17969.72647702407, "average": 5331.590809628009, "h1": 10311.873085339168, "l2": 17434.212253829322, "curve_data": [5.2428922942387074e-05, 5.422760087087944e-05, 5.602130383429263e-05, 5.780657119990259e-05, 5.9579978513622194e-05, 6.133815570860396e-05, 6.307780475531526e-05, 6.479571659895288e-05, 6.648878724079906e-05, 6.81540328326287e-05, 6.978860366731942e-05, 7.138979696413183e-05, 7.295506836342252e-05, 7.448204206254283e-05, 7.596851954204396e-05, 7.741248684875685e-05, 7.881212041954355e-05, 8.016579144623417e-05, 8.147206879821643e-05, 8.272972053407567e-05, 8.393771404739189e-05, 8.509521490410734e-05, 8.620158443963408e-05, 8.725637619298054e-05, 8.825933126258038e-05, 8.921037267417273e-05, 9.01095988550363e-05, 9.095727631117968e-05, 9.175383160481547e-05, 9.24998427287263e-05, 9.319602997211918e-05, 9.384324636941046e-05, 9.444246781930578e-05, 9.499478295669936e-05, 9.550138285454756e-05, 9.596355062714982e-05, 9.63826510004065e-05, 9.676011990878649e-05, 9.709745417310645e-05, 9.739620130792687e-05, 9.765794950253773e-05, 9.788431781523027e-05, 9.807694661688548e-05, 9.823748831689856e-05, 9.836759840209661e-05, 9.846892681757594e-05, 9.854310971722724e-05, 9.859176161105171e-05, 9.861646793612232e-05, 9.861877807805679e-05, 9.860019887005668e-05, 9.856218859676503e-05, 9.850615153027265e-05, 9.843343302542689e-05, 9.8345315201024e-05, 9.824301323238582e-05, 9.812767227912827e-05, 9.800036506952028e-05, 9.786209015967773e-05, 9.771377088185617e-05, 9.755625499132661e-05, 9.739031501572778e-05, 9.721664930444365e-05, 9.703588376853041e-05, 9.684857429409591e-05, 9.665520980395389e-05, 9.645621593397444e-05, 9.625195928198036e-05, 9.604275217849164e-05, 9.582885792026733e-05, 9.56104963996272e-05, 9.538785005515875e-05, 9.516107006279746e-05, 9.493028268060259e-05, 9.469559565599607e-05, 9.445710460093282e-05, 9.421489923856331e-05, 9.396906942451966e-05, 9.371971084709747e-05, 9.346693031333925e-05, 9.321085053238355e-05, 9.295161431339335e-05, 9.268938810287225e-05, 9.24243647951306e-05, 9.21567657599583e-05, 9.188684204305763e-05, 9.16148747073118e-05, 9.134117429632377e-05, 9.106607941562895e-05, 9.078995444135947e-05, 9.051318638063915e-05, 9.023618092240044e-05, 8.995935773136644e-05, 8.968314505138921e-05, 8.940797369693476e-05, 8.913427052302765e-05, 8.886245147419725e-05, 8.859291432170802e-05, 8.832603120543607e-05, 8.806214110203638e-05, 8.780154234440846e-05, 8.754448531883539e-05, 8.72911654655061e-05, 8.704171670540032e-05, 8.679620541177244e-05, 8.655462503775339e-05, 8.6316891503011e-05, 8.608283943208373e-05, 8.585221932510549e-05, 8.56246957283474e-05, 8.539984645753498e-05, 8.517716291149036e-05, 8.495605149755509e-05, 8.47358361737223e-05, 8.451576209573816e-05, 8.429500034088093e-05, 8.407265366397328e-05, 8.384776322569445e-05, 8.361931621868695e-05, 8.338625430353437e-05, 8.314748275464471e-05, 8.29018802055865e-05, 8.264830887468074e-05, 8.238562514475128e-05, 8.211269036600933e-05, 8.182838174814334e-05, 8.153160320683054e-05, 8.122129603108807e-05, 8.08964492410836e-05, 8.055610951115551e-05, 8.019939053974889e-05, 7.982548175660195e-05, 7.943365626766736e-05, 7.902327794972269e-05, 7.85938076192062e-05, 7.814480821329085e-05, 7.767594893533189e-05, 7.718700833135448e-05, 7.667787627894833e-05, 7.614855488455132e-05, 7.55991582994072e-05, 7.502991147824957e-05, 7.444114791778117e-05, 7.3833306424101e-05, 7.320692696921054e-05, 7.256264570645613e-05, 7.190118922313602e-05, 7.122336811540546e-05, 7.053006997601237e-05, 6.9822251889246e-05, 6.910093252978264e-05, 6.836718396289238e-05, 6.762212324277582e-05, 6.686690390371551e-05, 6.610270743534563e-05, 6.533073482877667e-05, 6.455219827471961e-05, 6.376831308825372e-05, 6.29802899276545e-05, 6.218932736690566e-05, 6.139660487331671e-05, 6.060327623324527e-05, 5.981046346042695e-05, 5.901925121301113e-05, 5.823068173724027e-05, 5.7445750347917585e-05, 5.666540144851816e-05, 5.589052508710149e-05, 5.5121954038181487e-05, 5.436046139545246e-05, 5.360675865581992e-05, 5.286149427156252e-05, 5.2125252644661844e-05, 5.139855353537555e-05, 5.0681851855962226e-05, 4.9975537820048135e-05, 4.9279937418397024e-05, 4.8595313192729866e-05, 4.792186528065851e-05, 4.725973270664996e-05, 4.660899489613671e-05, 4.59696733923184e-05, 4.534173375777651e-05, 4.472508764562962e-05, 4.411959502751419e-05, 4.3525066568079974e-05, 4.2941266137875356e-05, 4.23679134583832e-05, 4.1804686874506825e-05, 4.125122625094281e-05, 4.070713598959115e-05, 4.0171988165418055e-05, 3.964532577800788e-05, 3.912666611542061e-05, 3.86155042259435e-05, 3.811131649191476e-05, 3.761356429806297e-05, 3.712169778479289e-05, 3.663515967462924e-05, 3.6153389157670645e-05, 3.567582581947962e-05, 3.520191359241951e-05, 3.473110470911928e-05, 3.426286363457555e-05, 3.379667095145761e-05, 3.333202717153064e-05, 3.286845644480933e-05, 3.2405510137147164e-05, 3.1942770246496515e-05, 3.147985262806621e-05, 3.101640999907458e-05, 3.0552134694755954e-05, 3.0086761148717083e-05, 2.9620068072646113e-05, 2.915188031272197e-05, 2.8682070362818766e-05, 2.821055951771194e-05, 2.773731865290802e-05, 2.7262368621391228e-05, 2.6785780261440126e-05, 2.6307674013652932e-05, 2.582821914936565e-05, 2.534763261668454e-05, 2.4866177514320882e-05, 2.438416120724569e-05, 2.390193310182055e-05, 2.3419882101449034e-05, 2.2938433766889886e-05, 2.2458047208128575e-05, 2.197921173709279e-05, 2.150244331248632e-05, 2.1028280809588875e-05, 2.0557282149015374e-05, 2.0090020319143326e-05, 1.962707932720533e-05, 1.9169050113916115e-05, 1.8716526465976996e-05, 1.827010095989953e-05, 1.783036096934095e-05, 1.7397884766578527e-05, 1.6973237746906545e-05, 1.655696880265268e-05, 1.614960687122244e-05, 1.5751657679129715e-05, 1.5363600701400977e-05, 1.498588635308731e-05, 1.4618933426923317e-05, 1.4263126788470472e-05, 1.3918815337407698e-05, 1.3586310241017477e-05, 1.3265883443387285e-05, 1.2957766451428674e-05, 1.2662149396532151e-05, 1.2379180368540412e-05, 1.2108965016749881e-05, 1.1851566410851809e-05, 1.160700515310341e-05, 1.1375259731583734e-05, 1.1156267103134969e-05, 1.0949923493518014e-05, 1.0756085401416048e-05, 1.0574570792194947e-05, 1.040516046676736e-05, 1.0247599590498456e-05, 1.0101599366825908e-05, 9.966838840133745e-06, 9.842966812409534e-06, 9.729603858314646e-06, 9.626344423498701e-06, 9.532758991281984e-06, 9.44839630320276e-06, 9.3727856193737e-06, 9.305439005102407e-06, 9.245853630801149e-06, 9.193514072830943e-06, 9.147894603592252e-06, 9.108461459881129e-06, 9.074675079272514e-06, 9.045992295066049e-06, 9.0218684811299e-06, 9.001759638800799e-06, 8.985124418836758e-06, 8.971426072270875e-06, 8.96013432487023e-06, 8.950727170759898e-06, 8.942692581619735e-06, 8.935530128692683e-06, 8.928752515649928e-06, 8.921887021130707e-06, 8.914476850503043e-06, 8.906082397066145e-06, 8.896282413526305e-06, 8.884675095114607e-06, 8.870879076169307e-06, 8.854534342367869e-06, 8.835303061057904e-06, 8.812870332296075e-06, 8.786944863255372e-06, 8.757259568603483e-06, 8.723572099287715e-06, 