{"sulfonamides": {"detection": 21.66, "ranking": 82.59, "module": {"x_axis_data": [0.24, 14.7196, 29.199199999999998, 43.6788, 58.1584, 72.63799999999999, 87.1176, 101.59719999999999, 116.07679999999999, 130.5564, 145.036, 159.5156, 173.9952, 188.47480000000002, 202.9544, 217.434, 231.9136, 246.3932, 260.8728, 275.3524, 289.832, 304.3116, 318.7912, 333.2708, 347.7504], "bar_data": [91.48471615720524, 4.148471615720524, 2.4017467248908297, 0.21834061135371177, 0.6550218340611353, 0.21834061135371177, 0.0, 0.43668122270742354, 0.0, 0.0, 0.0, 0.0, 0.0, 0.0, 0.0, 0.0, 0.0, 0.0, 0.0, 0.0, 0.0, 0.0, 0.0, 0.0, 0.43668122270742354], "range_count": 25, "name": "sulfonamides", "h2": 43.01343544857769, "average": 18.458315098468272, "h1": 24.79512035010941, "l2": 332.9222757111598, "curve_data": [0.030275561621805436, 0.03279420015650714, 0.03510734878561523, 0.03715213930412407, 0.03887335685045789, 0.040226331522256416, 0.04117921528912255, 0.04171446957728418, 0.041829458466224434, 0.041536122006994004, 0.040859784628087745, 0.03983722587377344, 0.03851419704589729, 0.03694260221928424, 0.035177573041735605, 0.033274654307806996, 0.03128728495138258, 0.029264712441938935, 0.027250424419321795, 0.025281126758446876, 0.023386248305390406, 0.02158791388290908, 0.019901301419496014, 0.018335286696511525, 0.016893278856924984, 0.01557415874621977, 0.014373246926060573, 0.013283245342560621, 0.012295113202490151, 0.011398851584577268, 0.010584181727909711, 0.00984110883105693, 0.009160367349354055, 0.008533746378406629, 0.007954295973428544, 0.007416418108700653, 0.006915849881282291, 0.00644955142021622, 0.00601551622118284, 0.005612526435304306, 0.005239879075037252, 0.004897110383867211, 0.004583744296984133, 0.004299086964735763, 0.004042083115617392, 0.0038112423526428007, 0.003604635280306992, 0.0034199516820405135, 0.003254606739571734, 0.003105877197613214, 0.0029710477962987553, 0.002847549229821609, 0.0027330720197933206, 0.0026256454294660268, 0.0025236761408675853, 0.00242594707379495, 0.0023315817096828486, 0.0022399830174926433, 0.002150758206342067, 0.002063640942718747, 0.0019784215012581007, 0.001894892899280918, 0.0018128178632786313, 0.0017319180136023805, 0.0016518834327097134, 0.0015723982127248187, 0.001493175930765259, 0.0014139983838109176, 0.0013347512775982574, 0.001255451721894376, 0.0011762640640537736, 0.0010975024835296057, 0.0010196205763446352, 0.0009431896426497526, 0.0008688684009738047, 0.0007973673354036177, 0.0007294108734107585, 0.000665700199426472, 0.0006068788805750475, 0.0005535027729648655, 0.0005060150260674403, 0.0004647265040350136, 0.0004298016395374402, 0.0004012496200598567, 0.00037892083027169, 0.00036250856503817434, 0.00035155610934012744, 0.00034546929009920344, 0.0003435345022669935, 0.00034494199003825963, 0.00034881384573667634, 0.0003542358182298672, 0.00036029165584325253, 0.000366098402115206, 0.00037084086318383864, 0.0003738034035985998, 0.0003743973142399104, 0.00037218222475178325, 0.00036688038134167307, 0.0003583830464550137, 0.0003467487614949996, 0.00033219370766810613, 0.00031507486505591203, 0.0002958670720831765, 0.0002751353987464868, 0.0002535044474564232, 0.00023162627525980472, 0.00021014859209127172, 0.00018968474497809226, 0.00017078677197740255, 0.0001539225339848688, 0.00013945764226397036, 0.00012764262648208487, 0.0001186055553140328, 0.00011235013931765609, 0.00010875920915040365, 0.00010760335375709213, 0.00010855439763538851, 0.000111203268100136, 0.00011508163488694222, 0.00011968649237821213, 0.00012450661439659957, 0.00012904957559292562, 0.000132867846786172, 0.0001355823820740884, 0.00013690216317556504, 0.00013663837326265276, 0.00013471223521440762, 0.00013115603700645216, 0.00012610742504469693, 0.00011979760453112265, 0.00011253457117832658, 0.0001046828476699837, 9.664136972635499e-05, 8.882114795784569e-05, 8.162414095202891e-05, 7.542445659690952e-05, 7.055261383417827e-05, 6.728321191429599e-05, 6.58260269065058e-05, 6.632032544032881e-05, 6.883206862028783e-05, 7.335366465272365e-05, 7.980598611571095e-05, 8.804245419795927e-05, 9.785506381942818e-05, 0.00010898224614514521, 0.00012111842206288777, 0.00013392499637003411, 0.00014704240194029027, 0.00016010266339339856, 0.00017274185154340246, 0.00018461177658686095, 0.00019539033658158694, 0.00020479009354328352, 0.0002125648661343586, 0.00021851436304804844, 0.00022248708611066032, 0.0002243818635358447, 0.00022414840451582776, 0.00022178719253014415, 0.00021734887735676284, 0.00021093312619544383, 0.00020268670498246083, 0.00019280043312006387, 0.00018150462647479102, 0.00016906273045259648, 0.00015576303711575213, 0.00014190864378608003, 0.00012780609525613412, 0.00011375340216588041, 0.00010002829526841508, 8.687762643573518e-05, 7.450875175187252e-05, 6.308354245925818e-05, 5.271539777595283e-05, 4.346932363666556e-05, 3.5364840246666016e-05, 2.838123045242473e-05, 2.2464469710572334e-05, 1.7535100694601865e-05, 1.3496329403757888e-05, 1.024171005263771e-05, 7.661929494041978e-06, 5.6503715714926145e-06, 4.1073121422527875e-06, 2.942746093719645e-06, 2.07796503939216e-06, 1.4460824893204513e-06, 9.917426546798938e-07, 6.702550286052506e-07, 4.4637768047621167e-07, 2.929369218813355e-07, 1.8942816101195433e-07, 1.206992787332083e-07, 7.577860892745423e-08, 4.687740601302635e-08, 2.8572588241483917e-08, 1.715929858109155e-08, 1.0153341061297079e-08, 5.919350641027419e-09, 3.400098335219701e-09, 1.924235957506674e-09, 1.0729318034168644e-09, 5.894279139123318e-10, 3.190304980289305e-10, 1.7012769316273956e-10, 8.938357856210329e-11, 4.626783411496213e-11, 2.3595993357496783e-11, 1.1855888939124368e-11, 5.869025026834953e-12, 2.8624183566464464e-12, 1.3754188764235701e-12, 6.511350501084628e-13, 3.036973154825449e-13, 1.395546274993485e-13, 6.318014451336344e-14, 2.8180571159670664e-14, 1.238373150072923e-14, 5.361491395726944e-15, 2.2869247145676885e-15, 9.61059185531187e-16, 3.9790580572927036e-16, 1.623088409540686e-16, 6.522825111319622e-17, 2.582622095503941e-17, 1.007436042444117e-17, 3.871734203127391e-18, 1.4659695789365067e-18, 5.46859428947737e-19, 2.009822631720704e-19, 7.277312166361072e-20, 2.596064571387847e-20, 9.124123645393628e-21, 3.1593518571026768e-21, 1.0777945223405351e-21, 3.6224722947391596e-22, 1.1995138930083899e-22, 3.913240939487291e-23, 1.2577634758501983e-23, 3.98283619129388e-24, 1.242558878938341e-24, 3.8192014664123695e-25, 1.1565361513498202e-25, 3.45045926153583e-26, 1.0142047457448302e-26, 2.9370099048297384e-27, 8.379463603081742e-28, 2.355364139524215e-28, 6.522752916650537e-29, 1.7796509212161797e-29, 4.783763985204306e-30, 1.2668806106109521e-30, 3.305465706425164e-31, 8.496902655977974e-32, 2.1518879289210975e-32, 5.369201149523676e-33, 1.3198686618690446e-33, 3.1965593865490106e-34, 7.627212628120907e-35, 1.7929985810719222e-35, 4.152647368376059e-36, 9.475479061983038e-37, 2.130140814413416e-37, 4.717875385457732e-38, 1.0294745898528462e-38, 2.2131752838110946e-39, 4.6875617860132785e-40, 9.781584530822868e-41, 2.0109553738578701e-41, 4.0731149525402645e-42, 8.12796667315184e-43, 1.597968354647348e-43, 3.095176702987578e-44, 5.90654795234739e-45, 1.1104858609091593e-45, 2.056948154335408e-46, 3.7537441660068792e-47, 6.74896238860411e-48, 1.195474613870666e-48, 2.0862902156497976e-49, 3.5870720255332895e-50, 6.076261911769378e-51, 1.0140605472881439e-51, 1.6673328247808143e-52, 2.700920035666053e-53, 4.3105448227037464e-54, 6.777719899092772e-55, 1.049943866800201e-55, 1.602431810183595e-56, 2.409484000597559e-57, 3.5694355822575e-58, 5.209620201766225e-59, 7.491065420965247e-60, 1.0612363794991723e-60, 1.4811931035339645e-61, 2.0367712019341534e-62, 2.7593311448838484e-63, 3.6829550002735936e-64, 4.843061841896245e-65, 6.274435068794588e-66, 8.008667377541296e-67, 1.0071099722800451e-67, 1.2477412948804213e-68, 1.523011608221222e-69, 1.8315251912293067e-70, 2.169971502458553e-71, 2.5331505707076624e-72, 2.9319462745989036e-73, 5.012801881927737e-74, 1.5550151580140145e-73, 