{"tetracyclines": {"detection": 218.57, "ranking": 64.36, "module": {"x_axis_data": [18.33, 54.9248, 91.5196, 128.1144, 164.7092, 201.30399999999997, 237.8988, 274.49359999999996, 311.0884, 347.6832, 384.27799999999996, 420.8728, 457.4676, 494.06239999999997, 530.6572, 567.2520000000001, 603.8468, 640.4416, 677.0364000000001, 713.6312, 750.226, 786.8208000000001, 823.4156, 860.0104, 896.6052000000001], "bar_data": [6.550218340611353, 16.157205240174672, 19.432314410480352, 16.375545851528383, 14.192139737991265, 9.388646288209607, 6.11353711790393, 4.8034934497816595, 2.8384279475982535, 0.21834061135371177, 1.3100436681222707, 0.21834061135371177, 0.43668122270742354, 0.0, 0.8733624454148471, 0.0, 0.0, 0.21834061135371177, 0.0, 0.0, 0.21834061135371177, 0.0, 0.21834061135371177, 0.0, 0.43668122270742354], "range_count": 25, "name": "tetracyclines", "h2": 618.9011159737419, "average": 186.4899124726477, "h1": 386.68028446389496, "l2": 859.1295623632386, "curve_data": [0.0003179414436851432, 0.0003443879545645878, 0.0003725529683101164, 0.0004025218521203695, 0.00043438283301271786, 0.0004682266568330411, 0.0005041461221954849, 0.0005422354795504188, 0.0005825896881086762, 0.0006253035264237142, 0.0006704705560083681, 0.0007181819413732103, 0.0007685251342300128, 0.0008215824341944327, 0.0008774294430146502, 0.0009361334339980064, 0.0009977516627436883, 0.0010623296493467368, 0.0011298994657466834, 0.001200478064687936, 0.0012740656886870425, 0.0013506443983323105, 0.001430176759069992, 0.0015126047242875363, 0.0015978487499570537, 0.0016858071723625857, 0.0017763558755602169, 0.0018693482693138924, 0.00196461559145944, 0.0020619675411639674, 0.0021611932415911703, 0.0022620625223079165, 0.002364327503643986, 0.0024677244574254167, 0.0025719759113182025, 0.002676792957706485, 0.0027818777228237894, 0.0028869259479579, 0.002991629632114203, 0.003095679684649487, 0.00319876853712043, 0.003300592665908616, 0.003400854981004106, 0.0034992670415104924, 0.0035955510647786037, 0.0036894417033400493, 0.0037806875717130784, 0.0038690525133862185, 0.00395431660652879, 0.004036276914913967, 0.004114747997864915, 0.0041895621994710065, 0.00426056974263227, 0.004327638657488337, 0.0043906545763426775, 0.004449520428235661, 0.004504156065849201, 0.004554497855501153, 0.0046004982577338245, 0.004642125421593627, 0.00467936281036423, 0.004712208870511857, 0.0047406767492162195, 0.004764794059388333, 0.004784602684815124, 0.004800158612301716, 0.004811531772664139, 0.0048188058683788235, 0.00482207816280138, 0.004821459204252874, 0.004817072458013094, 0.004809053820376322, 0.004797550991379904, 0.004782722686522344, 0.004764737672609433, 0.004743773618628306, 0.0047200157590388415, 0.0046936553738540256, 0.004664888097102336, 0.0046339120724656685, 0.004600925981805204, 0.0045661269786756095, 0.0045297085645499766, 0.004491858450125423, 0.0044527564475714924, 0.004412572441775349, 0.004371464489423044, 0.004329577094069926, 0.0042870397031748225, 0.004243965469425684, 0.004200450313637632, 0.004156572320169606, 0.004112391488336214, 0.004067949854878055, 0.004023271993421726, 0.003978365887261259, 0.00393322416200049, 0.0038878256548972078, 0.0038421372884372843, 0.003796116207028542, 0.003749712128014591, 0.0037028698517203446, 0.003655531870173595, 0.003607641010680816, 0.0035591430487026633, 0.0035099892245555155, 0.003460138600381756, 0.003409560197547729, 0.0033582348600496633, 0.0033061567964845044, 0.00325333476147358, 0.0031997928468678093, 0.0031455708633342156, 0.0030907243037191535, 0.0030353238905855592, 0.002979454721205707, 0.0029232150337438895, 0.0028667146280877817, 0.0028100729835147985, 0.0027534171228772346, 0.002696879279066571, 0.0026405944240283485, 0.002584697723449237, 0.0025293219813813882, 0.002474595138509248, 0.002420637885549953, 0.0023675614495026758, 0.0023154656052549053, 0.0022644369585780037, 0.0022145475389911155, 0.002165853732553949, 0.002118395575593198, 0.002072196420913797, 0.0020272629784383964, 0.001983585722701199, 0.001941139650435064, 0.0018998853628637122, 0.0018597704394600603, 0.0018207310630549399, 0.0017826938504509646, 0.0017455778382616442, 0.001709296570669314, 0.0016737602342564739, 0.0016388777850526047, 0.0016045590144500436, 0.0015707165036322006, 0.0015372674205354697, 0.0015041351189999353, 0.0014712505064808769, 0.001438553154283677, 0.0014059921325104273, 0.0013735265605044648, 0.0013411258722726637, 0.0013087698048726692, 0.0012764481257961917, 0.0012441601226986499, 0.0012119138851831217, 0.0011797254135407248, 0.0011476175932204381, 0.00111561907623777, 0.0010837631116757491, 0.001052086366880516, 0.00102062777896024, 0.0009894274728655655, 0.0009585257778164211, 0.0009279623683398229, 0.0008977755499259033, 0.0008680017025488395, 0.0008386748883034113, 0.00080982662244773, 0.0007814858004815616, 0.0007536787677735675, 0.0007264295128985708, 0.0006997599614418764, 0.0006736903437148974, 0.0006482396077026202, 0.0006234258476784259, 0.0005992667192765721, 0.0005757798133610419, 0.0005529829636811393, 0.0005308944669292517, 0.000509533198251629, 0.0004889186103189127, 0.00046907060953182387, 0.0004500093086003206, 0.0004317546603715048, 0.0004143259831784976, 0.00039774139293905804, 0.00038201716156912045, 0.00036716702483938056, 0.0003532014654704078, 0.00034012699894613214, 0.00032794549017625707, 0.000316653528742426, 0.00030624188904513114, 0.000296695099288273, 0.00028799113998862554, 0.00028010128869946054, 0.0002729901230368375, 0.000266615689057486, 0.00026092983673576495, 0.0002558787189071589, 0.0002514034447708274, 0.00024744087405157046, 0.00024392453337809, 0.0002407856324883316, 0.00023795415465079374, 0.00023535999329382613, 0.00023293410533516262, 0.0002306096511422097, 0.00022832309143914567, 0.0002260152127869361, 0.00022363205544375536, 0.0002211257203843782, 0.00021845503591111796, 0.000215586068497889, 0.0002124924671286216, 0.00020915563526589662, 0.00020556472955405816, 0.0002017164892618567, 0.00019761490514712106, 0.00019327074073513084, 0.0001887009228139444, 0.00018392782115437298, 0.00017897843997308595, 0.0001738835454134658, 0.00016867675428619636, 0.00016339360948327338, 0.00015807066687506326, 0.00015274461716507625, 0.00014745146417889535, 0.0001422257784893208, 0.0001371000422321068, 0.00013210409756011875, 0.00012726470753996594, 0.00012260523453846254, 0.00011814543739937193, 0.00011390138509077386, 0.00010988548111775442, 0.00010610658993916195, 0.00010257025398120838, 9.927898766821682e-05, 9.623263323745413e-05, 9.342876199798911e-05, 9.08631041419294e-05, 8.852999021188558e-05, 8.642278784657993e-05, 8.453431842823423e-05, 8.285723968937524e-05, 8.138438214143889e-05, 8.010902929371456e-05, 7.902513396400429e-05, 7.812746546419828e-05, 7.741168499637488e-05, 7.6874349141063e-05, 7.651284378540773e-05, 7.632525315670145e-05, 7.631017073425664e-05, 7.646646065593517e-05, 7.679297976967925e-05, 7.728827166962074e-05, 7.795024487538966e-05, 7.877584774716591e-05, 7.976075277337178e-05, 8.089906252861826e-05, 8.218304889256e-05, 8.360293607114486e-05, 8.514673660459712e-05, 8.68001479234662e-05, 8.854651517408265e-05, 9.036686403221979e-05, 9.224000511723232e-05, 9.414270946961609e-05, 9.604995242499026e-05, 9.793522116845392e-05, 9.97708793442116e-05, 0.00010152858038131262, 0.0001031797197266186, 0.00010469591499279441, 0.00010604950216576916, 0.00010721403549667787, 0.00010816477854124976, 0.00010887917400748854, 0.00010933728062173679, 0.00010952216610435759, 0.00010942024652956707, 0.00010902156379031665, 0.00010831999455143787, 0.00010731338589898297, 0.00010600361482270552, 0.00010439657064128696, 0.00010250206143518771, 0.00010033364743063026, 9.79084060248143e-05, 9.524663470742672e-05, 9.237149947475882e-05, 8.930863741709267e-05, 8.6085722964161e-05, 8.273200778465367e-05, 7.927784455181561e-05, 7.575420471641287e-05, 7.21922000886805e-05, 6.862261744881591e-05, 6.507547461477635e-05, 6.157960543568111e-05, 5.816228009166973e-05, 5.4848865910895525e-05, 