{"galacto-OS": {"detection": 30702.0, "ranking": 26.23, "module": {"x_axis_data": [6700.0, 11189.6, 15679.2, 20168.800000000003, 24658.4, 29148.0, 33637.600000000006, 38127.200000000004, 42616.8, 47106.4, 51596.0, 56085.600000000006, 60575.200000000004, 65064.8, 69554.40000000001, 74044.0, 78533.6, 83023.20000000001, 87512.8, 92002.40000000001, 96492.0, 100981.6, 105471.20000000001, 109960.8, 114450.40000000001], "bar_data": [2.8384279475982535, 3.9301310043668125, 5.895196506550218, 8.73362445414847, 11.353711790393014, 10.698689956331878, 12.882096069868995, 10.91703056768559, 9.82532751091703, 5.021834061135371, 4.8034934497816595, 3.711790393013101, 3.4934497816593884, 0.43668122270742354, 1.0917030567685588, 1.7467248908296942, 0.43668122270742354, 0.6550218340611353, 0.6550218340611353, 0.43668122270742354, 0.0, 0.0, 0.0, 0.21834061135371177, 0.21834061135371177], "range_count": 25, "name": "galacto-OS", "h2": 82590.9409190372, "average": 40101.83807439825, "h1": 60977.986870897155, "l2": 16278.468271334792, "curve_data": [1.6416445753729388e-06, 1.7271817884206683e-06, 1.8152917491854194e-06, 1.9059958245336415e-06, 1.999319746137214e-06, 2.0952940830096823e-06, 2.193954636241166e-06, 2.295342745211329e-06, 2.399505495839717e-06, 2.5064958229482868e-06, 2.6163725005382317e-06, 2.7292000156918665e-06, 2.8450483238655164e-06, 2.963992485501193e-06, 3.0861121861096776e-06, 3.2114911442192453e-06, 3.340216413794006e-06, 3.472377589854794e-06, 3.6080659280347494e-06, 3.74737339062389e-06, 3.890391633257644e-06, 4.0372109477428175e-06, 4.187919177554622e-06, 4.342600623251477e-06, 4.501334955416628e-06, 4.664196152732381e-06, 4.8312514824178504e-06, 5.0025605395150675e-06, 5.178174360403441e-06, 5.358134624477354e-06, 5.542472956164892e-06, 5.731210337434015e-06, 5.9243566386687605e-06, 6.1219102733534974e-06, 6.32385797943323e-06, 6.530174727581475e-06, 6.740823753967646e-06, 6.955756712536062e-06, 7.174913939351017e-06, 7.398224819288663e-06, 7.625608243322805e-06, 7.85697314290989e-06, 8.092219086574276e-06, 8.331236922763941e-06, 8.573909452418714e-06, 8.820112114484861e-06, 9.069713667829457e-06, 9.322576853653608e-06, 9.57855902355872e-06, 9.837512719864242e-06, 1.0099286196570342e-05, 1.0363723871465011e-05, 1.0630666702237617e-05, 1.0899952482023593e-05, 1.1171416052503003e-05, 1.1444889435440283e-05, 1.1720201886316027e-05, 1.1997179876389629e-05, 1.2275647012077785e-05, 1.2555423902868827e-05, 1.2836327991054215e-05, 1.3118173358290136e-05, 1.3400770525352914e-05, 1.368392626237993e-05, 1.3967443427362153e-05, 1.4251120850649666e-05, 1.4534753282739132e-05, 1.4818131421627778e-05, 1.5101042034555842e-05, 1.538326818703622e-05, 1.5664589589722565e-05, 1.5944783070935107e-05, 1.6223623179601713e-05, 1.6500882920041733e-05, 1.677633461649172e-05, 1.70497509016235e-05, 1.7320905819616553e-05, 1.7589576030709064e-05, 1.7855542100648734e-05, 1.8118589855193296e-05, 1.8378511776849346e-05, 1.8635108418483745e-05, 1.8888189806362575e-05, 1.9137576803649223e-05, 1.9383102404480634e-05, 1.9624612928495295e-05, 1.9861969086139967e-05, 2.0095046886258466e-05, 2.0323738359369717e-05, 2.0547952072657472e-05, 2.0767613415993828e-05, 2.098266464224751e-05, 2.1193064649621108e-05, 2.139878849873003e-05, 2.15998266624805e-05, 2.1796184012404976e-05, 2.1987878550845143e-05, 2.217493990409797e-05, 2.2357407597217262e-05, 2.2535329136446413e-05, 2.2708757930111393e-05, 2.2877751083085813e-05, 2.304236710353367e-05, 2.320266356342873e-05, 2.335869475624998e-05, 2.351050939619533e-05, 2.365814840319085e-05, 2.3801642816882427e-05, 2.3941011880693085e-05, 2.4076261333942037e-05, 2.4207381946019e-05, 2.433434832177915e-05, 2.44571180017814e-05, 2.4575630874872e-05, 2.468980891407032e-05, 2.4799556239905845e-05, 2.4904759508460306e-05, 2.5005288614565734e-05, 2.5100997694068183e-05, 2.5191726402958434e-05, 2.5277301445653628e-05, 2.535753831992069e-05, 2.543224324198832e-05, 2.550121521239e-05, 2.5564248181084714e-05, 2.562113326945541e-05, 2.5671661006895516e-05, 2.571562354084176e-05, 2.5752816781250907e-05, 2.5783042443571363e-05, 2.580610995812989e-05, 2.5821838218418634e-05, 2.5830057145891424e-05, 2.5830609054409088e-05, 2.5823349803254417e-05, 2.5808149733504415e-05, 2.5784894388339302e-05, 2.5753485023429005e-05, 2.5713838918718584e-05, 2.5665889507607575e-05, 2.5609586343556466e-05, 2.554489492747465e-05, 2.547179642175637e-05, 2.539028727849529e-05, 2.5300378810189297e-05, 2.520209673114072e-05, 2.5095480696786733e-05, 2.4980583866401643e-05, 2.4857472512056032e-05, 2.4726225693489346e-05, 2.458693501474421e-05, 2.4439704474140292e-05, 2.4284650414557916e-05, 2.412190157618817e-05, 2.3951599249024434e-05, 2.377389751756044e-05, 2.3588963585554943e-05, 2.339697816445572e-05, 2.3198135905268004e-05, 2.2992645850412084e-05, 2.2780731879541572e-05, 2.256263312146296e-05, 2.2338604303270857e-05, 2.2108916007632297e-05, 2.1873854809833295e-05, 2.1633723267738934e-05, 2.1388839740188744e-05, 2.113953801249893e-05, 2.0886166711605336e-05, 2.0629088497863895e-05, 2.0368679025517294e-05, 2.0105325669217313e-05, 1.983942601962148e-05, 1.957138615681465e-05, 1.930161871599042e-05, 1.9030540765307573e-05, 1.875857152096723e-05, 1.8486129929186458e-05, 1.82136321487496e-05, 1.794148897107448e-05, 1.7670103217144032e-05, 1.7399867152144152e-05, 1.7131159959166317e-05, 1.6864345312851765e-05, 1.6599769092373637e-05, 1.6337757270708654e-05, 1.6078614013792357e-05, 1.5822620018971517e-05, 1.5570031117266734e-05, 1.5321077158471938e-05, 1.5075961192185995e-05, 1.4834858951661482e-05, 1.4597918641028513e-05, 1.436526102018583e-05, 1.4136979775611008e-05, 1.3913142159696616e-05, 1.3693789876114466e-05, 1.3478940184288159e-05, 1.3268587192422827e-05, 1.3062703305797055e-05, 1.2861240795227192e-05, 1.2664133449802826e-05, 1.2471298278175742e-05, 1.2282637223833374e-05, 1.2098038861857017e-05, 1.191738004757056e-05, 1.1740527491129548e-05, 1.156733923635625e-05, 1.1397666026858166e-05, 1.1231352547517089e-05, 1.1068238534651127e-05, 1.0908159753362782e-05, 1.0750948845638394e-05, 1.0596436057501219e-05, 1.0444449857802162e-05, 1.0294817464933562e-05, 1.0147365300764335e-05, 1.000191939333752e-05, 9.85830575128208e-06, 9.716350733435782e-06, 9.575881436849539e-06, 9.436726125161778e-06, 9.298714717340017e-06, 9.161679354052814e-06, 9.025455055548441e-06, 8.889880480983874e-06, 8.754798794792184e-06, 8.620058641033153e-06, 8.485515221881542e-06, 8.351031471616142e-06, 8.216479312824422e-06, 8.081740977172436e-06, 7.94671036913774e-06, 7.81129444768432e-06, 7.675414598075776e-06, 7.539007963960393e-06, 7.4020287085875545e-06, 7.264449173567956e-06, 7.1262609039947005e-06, 6.98747550999293e-06, 6.8481253368377886e-06, 6.70826391862602e-06, 6.56796619403651e-06, 6.427328466883258e-06, 6.286468098846419e-06, 6.14552292684782e-06, 6.004650402889345e-06, 5.8640264596624675e-06, 5.723844110730474e-06, 5.584311799443697e-06, 5.4456515158431804e-06, 5.308096705514613e-06, 5.171889998561023e-06, 5.037280790468601e-06, 4.904522709564848e-06, 4.773871007945981e-06, 4.645579914138134e-06, 4.5198999863289235e-06, 4.397075504761676e-06, 4.2773419408407105e-06, 4.16092353869149e-06, 4.048031042410476e-06, 3.938859599101142e-06, 3.8335868641110975e-06, 3.7323713307619222e-06, 3.6353509024072326e-06, 3.5426417199785916e-06, 3.45433725340177e-06, 3.370507660502359e-06, 3.291199412382306e-06, 3.2164351798418864e-06, 3.1462139713407233e-06, 3.080511509318314e-06, 3.019280828499333e-06, 2.9624530771430126e-06, 2.909938500097405e-06, 2.8616275810063234e-06, 2.8173923200922783e-06, 2.7770876235890176e-06, 2.7405527810924335e-06, 2.707613007796157e-06, 2.6780810297227774e-06, 2.6517586915885544e-06, 2.628438568776603e-06, 2.6079055669640863e-06, 2.5899384951735083e-06, 2.574311600318154e-06, 2.5607960536113012e-06, 2.5491613814368836e-06, 2.5391768353723105e-06, 2.5306126979570568e-06, 2.523241522468736e-06, 2.5168393063675334e-06, 2.511186599178237e-06, 2.5060695463856625e-06, 2.501280871425141e-06, 