{"Xylans": {"detection": 358939.5, "ranking": 80.02, "module": {"x_axis_data": [197638.0, 213811.44, 229984.88, 246158.32, 262331.76, 278505.2, 294678.64, 310852.08, 327025.52, 343198.95999999996, 359372.4, 375545.83999999997, 391719.28, 407892.72, 424066.16000000003, 440239.6, 456413.04000000004, 472586.48, 488759.92, 504933.36, 521106.8, 537280.24, 553453.6799999999, 569627.12, 585800.56], "bar_data": [0.8733624454148471, 1.5283842794759825, 2.4017467248908297, 6.768558951965066, 6.331877729257641, 11.135371179039302, 16.375545851528383, 23.144104803493452, 13.973799126637553, 7.423580786026202, 3.4934497816593884, 2.4017467248908297, 1.5283842794759825, 0.6550218340611353, 0.6550218340611353, 0.43668122270742354, 0.21834061135371177, 0.21834061135371177, 0.0, 0.0, 0.0, 0.0, 0.0, 0.0, 0.43668122270742354], "range_count": 25, "name": "Xylans", "h2": 443601.693654267, "average": 321504.60831509845, "h1": 387861.71991247265, "l2": 268418.9190371991, "curve_data": [1.475633620939036e-07, 1.5420312059014496e-07, 1.6088692663017324e-07, 1.6763213847351574e-07, 1.7446169718114975e-07, 1.8140394431535628e-07, 1.884922997099974e-07, 1.957648088174168e-07, 2.0326357426133976e-07, 2.1103409085346843e-07, 2.1912450723012393e-07, 2.2758484022594502e-07, 2.3646616995472546e-07, 2.4581984419363017e-07, 2.5569672000579e-07, 2.6614646859245104e-07, 2.7721696621195787e-07, 2.8895378977811637e-07, 3.0139983065581156e-07, 3.145950344606539e-07, 3.2857626863560125e-07, 3.433773135394807e-07, 3.590289670655573e-07, 3.7555924772687463e-07, 3.929936769822584e-07, 4.1135561856801943e-07, 4.3066665091694107e-07, 4.5094694848375454e-07, 4.722156489668936e-07, 4.944911859447601e-07, 5.177915701710147e-07, 5.42134607460215e-07, 5.675380464397154e-07, 5.940196550952855e-07, 6.215972306171338e-07, 6.502885521756328e-07, 6.801112905559263e-07, 7.110828917338009e-07, 7.432204532221793e-07, 7.765406121812465e-07, 8.110594627872681e-07, 8.467925172238135e-07, 8.837547200345445e-07, 9.219605197067276e-07, 9.61423994585727e-07, 1.0021590229827337e-06, 1.0441794801209698e-06, 1.0874994378948875e-06, 1.1321333378215104e-06, 1.1780961035435164e-06, 1.2254031572398087e-06, 1.274070304657017e-06, 1.3241134564205538e-06, 1.375548158897668e-06, 1.4283889160886932e-06, 1.4826482945712507e-06, 1.5383358160037274e-06, 1.595456655546441e-06, 1.6540101790869513e-06, 1.71398836656944e-06, 1.7753741821779243e-06, 1.838139963750573e-06, 1.902245912789341e-06, 1.967638772049245e-06, 2.0342507793605273e-06, 2.101998983655032e-06, 2.1707850019563118e-06, 2.2404952844139008e-06, 2.311001938631938e-06, 2.3821641451213274e-06, 2.4538301734785408e-06, 2.5258399848355474e-06, 2.5980283813445737e-06, 2.6702286391472754e-06, 2.7422765386288358e-06, 2.814014685916267e-06, 2.8852970035616764e-06, 2.9559932569878393e-06, 3.02599347716051e-06, 3.0952121394161834e-06, 3.1635919634533967e-06, 3.2311072099390293e-06, 3.297766364467622e-06, 3.3636141189832613e-06, 3.428732583286711e-06, 3.493241683832623e-06, 3.5572987325421785e-06, 3.621097173687991e-06, 3.684864540998544e-06, 3.748859679052282e-06, 3.8133693020350854e-06, 3.8787039784725195e-06, 3.9451936422923555e-06, 4.013182738414707e-06, 4.083025115099255e-06, 4.155078775766137e-06, 4.22970060034618e-06, 4.307241140889448e-06, 4.388039588690548e-06, 4.472419001088988e-06, 4.560681865842854e-06, 4.653106069947892e-06, 4.749941328284109e-06, 4.851406115723305e-06, 4.9576851344382214e-06, 5.0689273361632715e-06, 5.185244507068675e-06, 5.306710410718394e-06, 5.433360472301656e-06, 5.565191975033637e-06, 5.702164727466254e-06, 5.8442021486899164e-06, 5.991192707395915e-06, 6.142991640958e-06, 6.299422872599533e-06, 6.460281038898146e-06, 6.62533353689555e-06, 6.794322500420637e-06, 6.966966619290904e-06, 7.142962723064217e-06, 7.3219870630105605e-06, 7.503696241775505e-06, 7.687727759390316e-06, 7.873700166186896e-06, 8.06121283692056e-06, 8.249845404937173e-06, 8.439156919359774e-06, 8.62868481077313e-06, 8.817943770522323e-06, 9.006424664369126e-06, 9.193593611882746e-06, 9.378891367814745e-06, 9.561733140333323e-06, 9.741508973183419e-06, 9.917584804739802e-06, 1.008930429698643e-05, 1.0255991502443553e-05, 1.0416954407979292e-05, 1.05714893624941e-05, 1.0718886361988578e-05, 1.0858435131923679e-05, 1.0989431914439458e-05, 1.1111186838233147e-05, 1.122303172288033e-05, 1.1324328148106241e-05, 1.141447560275115e-05, 1.1492919518455301e-05, 1.1559158989707862e-05, 1.1612753984906255e-05, 1.1653331862290666e-05, 1.1680593019679876e-05, 1.1694315527300468e-05, 1.1694358617992014e-05, 1.16806649378924e-05, 1.1653261492485634e-05, 1.1612259256691122e-05, 1.1557851452510861e-05, 1.1490310532631022e-05, 1.1409983942290597e-05, 1.1317288763693028e-05, 1.1212705376283962e-05, 1.1096770291446082e-05, 1.097006834074333e-05, 1.0833224412064077e-05, 1.0686894937293157e-05, 1.0531759338080754e-05, 1.0368511632673493e-05, 1.0197852396662361e-05, 1.0020481254154766e-05, 9.837090053827057e-06, 9.648356857333229e-06, 9.454940836635715e-06, 9.257478143177097e-06, 9.05657877675934e-06, 8.852824446948148e-06, 8.646767386202803e-06, 8.438930043100601e-06, 8.229805557215856e-06, 8.019858895450607e-06, 7.809528513681318e-06, 7.599228397965908e-06, 7.389350336420044e-06, 7.180266276077432e-06, 6.9723306281453685e-06, 6.765882399342878e-06, 6.561247045532727e-06, 6.358737965542092e-06, 6.158657576735487e-06, 5.961297938360727e-06, 5.7669409127887e-06, 5.5758578774674265e-06, 5.388309020825521e-06, 5.204542272791082e-06, 5.024791934550429e-06, 4.849277082381069e-06, 4.678199826781528e-06, 4.511743510798376e-06, 4.350070930681056e-06, 4.193322658157875e-06, 4.041615537184143e-06, 3.895041419469757e-06, 3.7536661929629214e-06, 3.6175291462497025e-06, 3.486642699984337e-06, 3.36099252440671e-06, 3.2405380500836863e-06, 3.125213367529345e-06, 3.0149285005611485e-06, 2.909571028334118e-06, 2.809008022127766e-06, 2.7130882552734334e-06, 2.621644638214971e-06, 2.534496825685169e-06, 2.451453939427631e-06, 2.372317347854785e-06, 2.2968834435374498e-06, 2.224946360474854e-06, 2.1563005756642514e-06, 2.0907433435092882e-06, 2.0280769169642376e-06, 1.9681105158556926e-06, 1.9106620103595725e-06, 1.8555592959111594e-06, 1.8026413446302395e-06, 1.7517589273768993e-06, 1.7027750095312844e-06, 1.6555648322340672e-06, 1.6100156988707103e-06, 1.5660264937968884e-06, 1.5235069664865291e-06, 1.482376819282604e-06, 1.442564640637178e-06, 1.4040067280820223e-06, 1.366645846163851e-06, 1.3304299642402936e-06, 1.2953110174354894e-06, 1.2612437312987513e-06, 1.2281845469224718e-06, 1.196090678599717e-06, 1.1649193306914615e-06, 1.1346270943881947e-06, 1.1051695386520676e-06, 1.0765010029742546e-06, 1.0485745928372825e-06, 1.0213423720897277e-06, 9.94755739976713e-07, 9.687659744774299e-07, 9.433249180332397e-07, 9.1838577685742e-07, 8.939040009461013e-07, 8.698382087980917e-07, 8.461511188240845e-07, 8.228104485890747e-07, 7.997897434649531e-07, 7.77069098017854e-07, 7.546357365201015e-07, 7.324844233150554e-07, 7.106176792775621e-07, 6.890457871526434e-07, 6.677865759163047e-07, 6.468649822334011e-07, 6.26312395295898e-07, 6.061657994896523e-07, 5.864667371231213e-07, 5.672601205221497e-07, 5.485929288350216e-07, 5.305128296202733e-07, 5.130667684772511e-07, 4.962995714627235e-07, 4.802526047289562e-07, 4.649625337158602e-07, 4.5046022041407314e-07, 4.3676979185185044e-07, 4.23907906287194e-07, 4.1188323591241604e-07, 4.006961765547186e-07, 3.903387862675154e-07, 3.807949462473484e-07, 3.720407295650126e-07, 3.6404495612090305e-07, 3.567699063297771e-07, 3.5017216155103577e-07, 3.442035363738021e-07, 3.3881206662478376e-07, 3.339430173881565e-07, 3.2953987732341095e-07, 3.255453089738243e-07, 3.2190202934217324e-07, 3.18553600484901e-07, 3.154451159174384e-07, 3.1252377488917244e-07, 3.097393427339788e-07, 3.0704450120716605e-07, 3.043950976937295e-07, 3.0175030617810266e-07, 2.99072715726836e-07, 2.963283638481668e-07, 2.934867324265786e-07, 2.90520723031514e-07, 2.8740662638350083e-07, 2.841240978071242e-07, 