{"Fructose-and-mannose-metabolism": {"detection": 718642.0, "ranking": 88.54, "module": {"x_axis_data": [443010.0, 472782.72, 502555.44, 532328.16, 562100.88, 591873.6, 621646.3200000001, 651419.04, 681191.76, 710964.48, 740737.2, 770509.92, 800282.64, 830055.36, 859828.0800000001, 889600.8, 919373.52, 949146.24, 978918.96, 1008691.68, 1038464.4, 1068237.12, 1098009.84, 1127782.56, 1157555.28], "bar_data": [1.7467248908296942, 3.4934497816593884, 6.11353711790393, 13.100436681222707, 17.903930131004365, 20.74235807860262, 13.973799126637553, 11.135371179039302, 5.458515283842795, 2.4017467248908297, 1.7467248908296942, 0.8733624454148471, 0.21834061135371177, 0.43668122270742354, 0.0, 0.0, 0.0, 0.0, 0.21834061135371177, 0.0, 0.0, 0.0, 0.0, 0.0, 0.43668122270742354], "range_count": 25, "name": "Fructose-and-mannose-metabolism", "h2": 866473.1947483588, "average": 623796.2100656455, "h1": 747577.7592997812, "l2": 488613.72866520786, "curve_data": [8.73480027233007e-08, 9.408032187608452e-08, 1.0133402524244092e-07, 1.091609660526607e-07, 1.1761514121680718e-07, 1.2675192193776368e-07, 1.366272082798942e-07, 1.47296530079206e-07, 1.5881411813529592e-07, 1.7123197019175386e-07, 1.8459893584750903e-07, 1.9895984336330888e-07, 2.1435468949658667e-07, 2.3081791120316524e-07, 2.4837775548086454e-07, 2.6705576097966304e-07, 2.868663624143032e-07, 3.0781662638937877e-07, 3.299061250287227e-07, 3.531269517763522e-07, 3.774638818380805e-07, 4.0289467785283454e-07, 4.2939053939001416e-07, 4.569166926329669e-07, 4.854331140222863e-07, 5.148953786370597e-07, 5.452556206950479e-07, 5.764635898415372e-07, 6.084677830426072e-07, 6.412166281516894e-07, 6.746596918911478e-07, 7.087488824331526e-07, 7.434396153311536e-07, 7.786919115661464e-07, 8.144713981797552e-07, 8.507501855087438e-07, 8.875076004128798e-07, 9.247307619401505e-07, 9.624149942729137e-07, 1.0005640810580154e-06, 1.0391903747194882e-06, 1.078314783361088e-06, 1.1179666656167849e-06, 1.158183669541451e-06, 1.199011554668915e-06, 1.2405040361592662e-06, 1.2827226861700202e-06, 1.3257369201221078e-06, 1.3696240845755488e-06, 1.4144696494559135e-06, 1.4603674911369067e-06, 1.5074202353912767e-06, 1.5557396116724645e-06, 1.6054467539068896e-06, 1.6566723693243035e-06, 1.7095566871366298e-06, 1.7642490942465603e-06, 1.8209073665329513e-06, 1.8796964122007395e-06, 1.9407864583909594e-06, 2.004350633481561e-06, 2.070561924591605e-06, 2.1395895216173293e-06, 2.2115945941837306e-06, 2.2867255843769937e-06, 2.365113134000449e-06, 2.4468647982301094e-06, 2.5320597258117424e-06, 2.6207435073652276e-06, 2.7129234062388877e-06, 2.80856418937353e-06, 2.9075847679623216e-06, 3.0098558390585933e-06, 3.1151986900157416e-06, 3.223385288680496e-06, 3.3341397351182083e-06, 3.447141097365751e-06, 3.562027596742655e-06, 3.6784020503662967e-06, 3.7958384226278576e-06, 3.913889286400824e-06, 4.032093951413854e-06, 4.1499869839279e-06, 4.267106820542973e-06, 4.3830041709444035e-06, 4.497249910314578e-06, 4.609442181869579e-06, 4.719212462666022e-06, 4.826230389884664e-06, 4.930207198025603e-06, 5.030897677133228e-06, 5.128100625248222e-06, 5.2216578315331e-06, 5.311451686739333e-06, 5.3974015719019165e-06, 5.4794592217807145e-06, 5.557603294587193e-06, 5.631833402568842e-06, 5.702163868429775e-06, 5.768617470442568e-06, 5.831219425260513e-06, 5.889991833300275e-06, 5.944948779061604e-06, 5.996092240157597e-06, 6.043408916595754e-06, 6.0868680484260434e-06, 6.12642024754453e-06, 6.161997330194216e-06, 6.193513102113e-06, 6.220865019441649e-06, 6.2439366260193294e-06, 6.26260065167967e-06, 6.2767226463023905e-06, 6.286165020022585e-06, 6.290791360253816e-06, 6.290470900018234e-06, 6.285083018448356e-06, 6.2745216622599475e-06, 6.25869958566986e-06, 6.237552315030762e-06, 6.21104175298548e-06, 6.179159345049305e-06, 6.141928739256746e-06, 6.099407877079014e-06, 6.051690461564945e-06, 5.998906756981305e-06, 5.9412236835350025e-06, 5.878844181410585e-06, 5.812005830627256e-06, 5.740978727261788e-06, 5.6660626324037194e-06, 5.587583427651604e-06, 5.505888929702883e-06, 5.421344136148145e-06, 5.334325994313897e-06, 5.24521780412935e-06, 5.154403383635701e-06, 5.062261140947747e-06, 4.9691582082246465e-06, 4.875444800536192e-06, 4.781448964535299e-06, 4.687471877830254e-06, 4.593783849375246e-06, 4.50062115384059e-06, 4.408183808901944e-06, 4.316634374213945e-06, 4.226097815422814e-06, 4.136662437246647e-06, 4.048381848092132e-06, 3.961277876854268e-06, 3.875344322623641e-06, 3.7905513822252013e-06, 3.7068505709740202e-06, 3.6241799306600155e-06, 3.542469307089023e-06, 3.4616454785220184e-06, 3.381636926468998e-06, 3.3023780612356758e-06, 3.22381274543316e-06, 3.1458969977324538e-06, 3.068600804303369e-06, 2.9919090140108725e-06, 2.9158213426703358e-06, 2.840351558528095e-06, 2.7655259627973134e-06, 2.69138131302077e-06, 2.617962361225618e-06, 2.545319191889694e-06, 2.473504545999217e-06, 2.4025713070680585e-06, 2.3325703038061465e-06, 2.2635485537709133e-06, 2.19554803500648e-06, 2.128605030999672e-06, 2.0627500511401862e-06, 1.9980082871901892e-06, 1.934400528817754e-06, 1.871944430454474e-06, 1.8106559995189498e-06, 1.7505511636929746e-06, 1.6916472730279746e-06, 1.6339644010450584e-06, 1.5775263268189472e-06, 1.5223611058222285e-06, 1.468501169061402e-06, 1.4159829254138032e-06, 1.364845878544658e-06, 1.3151313048141672e-06, 1.2668805698168214e-06, 1.2201331866017706e-06, 1.1749247366373539e-06, 1.1312847841905582e-06, 1.0892349155829033e-06, 1.0487870269554902e-06, 1.0099419684976207e-06, 9.726886308308263e-07, 9.370035320479746e-07, 9.028509336995025e-07, 8.701834828283792e-07, 8.389433469911772e-07, 8.0906378191584e-07, 7.804710486164341e-07, 7.530865796277191e-07, 7.268292833313789e-07, 7.016178714650296e-07, 6.77373097733218e-07, 6.540198044647358e-07, 6.314886886200197e-07, 6.097177170119476e-07, 5.886531420476683e-07, 5.682500922281501e-07, 5.484727346643112e-07, 5.292940286859022e-07, 5.106951090988911e-07, 4.926643538756329e-07, 4.751962033812112e-07, 4.582898062615565e-07, 4.419475707253227e-07, 4.2617369927323947e-07, 4.109727803158472e-07, 3.963485021014162e-07, 3.8230254361089386e-07, 3.6883368431071087e-07, 3.559371606694447e-07, 3.4360428291836117e-07, 3.318223114040855e-07, 3.2057457870772086e-07, 3.098408320572671e-07, 2.9959776089707966e-07, 2.898196671371952e-07, 2.804792308003727e-07, 2.715483216065013e-07, 2.629988074548127e-07, 2.548033136456674e-07, 2.4693589178645885e-07, 2.393725643231634e-07, 2.3209171912931435e-07, 2.250743381096525e-07, 2.183040538396304e-07, 2.1176703834927454e-07, 2.0545173775909952e-07, 1.9934847510176163e-07, 1.9344895088002576e-07, 1.8774567635497804e-07, 1.8223137795468303e-07, 1.7689841237633643e-07, 1.7173823087635817e-07, 1.667409279782197e-07, 1.6189490457410247e-07, 1.571866684632926e-07, 1.5260078716331015e-07, 1.4811999882846217e-07, 1.4372547783957872e-07, 1.3939724262701383e-07, 1.3511468507644536e-07, 1.308571939124123e-07, 1.2660483914657782e-07, 1.2233908130108935e-07, 1.1804346783590981e-07, 1.1370428005676552e-07, 1.0931109666188407e-07, 1.0485724478459542e-07, 1.0034011558455537e-07, 9.57613287314434e-08, 9.112673805744854e-08, 8.644627875283131e-08, 8.17336642759267e-08, 7.700594821740503e-08, 7.228297233486969e-08, 6.758672657834035e-08, 6.294064997736227e-08, 5.8368902676870526e-08, 5.3895639213561447e-08, 4.9544311432803025e-08, 4.533702645303564e-08, 4.129398104658274e-08, 3.7432989019819904e-08, 3.376911295751202e-08, 3.031440635913461e-08, 2.7077767030925316e-08, 2.4064897860501546e-08, 2.1278366996027655e-08, 1.8717756127182067e-08, 1.637988310888792e-08, 1.4259083610816673e-08, 1.2347535792442631e-08, 1.063561212562703e-08, 9.11224330919659e-09, 7.765280612622747e-09, 6.5818448046493895e-09, 5.548651920017156e-09, 4.652308351477676e-09, 3.879569996533089e-09, 3.2175623290392314e-09, 2.653960217610853e-09, 2.1771280122277057e-09, 1.7762218278765847e-09, 1.4412570519000404e-09, 1.16314489173698e-09, 9.3370227957961e-10, 7.456396897795073e-10, 