{"digested": {"detection": 76755.0, "ranking": 94.42, "module": {"x_axis_data": [1835.0, 7380.96, 12926.92, 18472.88, 24018.84, 29564.8, 35110.76, 40656.72, 46202.68, 51748.64, 57294.6, 62840.56, 68386.52, 73932.48, 79478.44, 85024.4, 90570.36, 96116.32, 101662.28, 107208.24, 112754.2, 118300.16, 123846.12, 129392.08, 134938.04], "bar_data": [38.427947598253276, 16.375545851528383, 11.135371179039302, 6.550218340611353, 5.240174672489083, 5.458515283842795, 3.4934497816593884, 1.5283842794759825, 2.1834061135371177, 1.3100436681222707, 0.8733624454148471, 1.7467248908296942, 0.43668122270742354, 0.43668122270742354, 0.43668122270742354, 0.43668122270742354, 0.6550218340611353, 1.0917030567685588, 0.8733624454148471, 0.0, 0.43668122270742354, 0.0, 0.21834061135371177, 0.21834061135371177, 0.43668122270742354], "range_count": 25, "name": "digested", "h2": 72221.36323851203, "average": 23375.654266958423, "h1": 42185.80306345733, "l2": 121977.24070021881, "curve_data": [1.5793409065010065e-05, 1.6399924634100686e-05, 1.700741559528279e-05, 1.7614447320300587e-05, 1.8219554877170923e-05, 1.8821250293635605e-05, 1.9418030105514415e-05, 2.0008383129906716e-05, 2.059079840007813e-05, 2.1163773196468125e-05, 2.172582110660654e-05, 2.2275480045862876e-05, 2.2811320170889034e-05, 2.3331951618363005e-05, 2.3836032003188213e-05, 2.4322273612638553e-05, 2.478945023602587e-05, 2.5236403573267947e-05, 2.5662049170196312e-05, 2.6065381833500973e-05, 2.6445480483792248e-05, 2.6801512411288513e-05, 2.7132736905027213e-05, 2.74385082331511e-05, 2.7718277958654514e-05, 2.7971596581878435e-05, 2.8198114507937827e-05, 2.8397582344037825e-05, 2.856985053821294e-05, 2.871486837730507e-05, 2.8832682367913196e-05, 2.8923434029518222e-05, 2.8987357133953814e-05, 2.902477442980007e-05, 2.9036093894077244e-05, 2.902180455678226e-05, 2.8982471946313997e-05, 2.8918733205666598e-05, 2.8831291930434327e-05, 2.8720912780175506e-05, 2.858841591454865e-05, 2.8434671304891984e-05, 2.826059297060948e-05, 2.8067133187892922e-05, 2.7855276716011304e-05, 2.7626035083688216e-05, 2.738044097502993e-05, 2.7119542751126193e-05, 2.684439913988571e-05, 2.655607412295991e-05, 2.625563204481035e-05, 2.594413296515335e-05, 2.5622628272228662e-05, 2.5292156570637973e-05, 2.4953739853937856e-05, 2.4608379968789518e-05, 2.4257055374303296e-05, 2.390071819729962e-05, 2.3540291581562316e-05, 2.3176667326802754e-05, 2.2810703810992634e-05, 2.2443224187965435e-05, 2.2075014850725336e-05, 2.17068241497326e-05, 2.1339361354542853e-05, 2.097329584654545e-05, 2.0609256530152174e-05, 2.0247831449612885e-05, 1.9889567598644967e-05, 1.9534970910240856e-05, 1.9184506414328628e-05, 1.883859855137853e-05, 1.8497631630548872e-05, 1.816195042151929e-05, 1.783186086974512e-05, 1.750763092546581e-05, 1.7189491477384903e-05, 1.6877637382504704e-05, 1.6572228584121734e-05, 1.6273391310464166e-05, 1.5981219346872295e-05, 1.5695775374779768e-05, 1.5417092371048695e-05, 1.5145175061443316e-05, 1.488000142219862e-05, 1.4621524223756951e-05, 1.4369672610811898e-05, 1.4124353712823682e-05, 1.3885454279160494e-05, 1.3652842332985483e-05, 1.3426368837957967e-05, 1.3205869371758824e-05, 1.2991165800392302e-05, 1.2782067947168587e-05, 1.257837525023924e-05, 1.2379878402548718e-05, 1.2186360968083986e-05, 1.1997600968356336e-05, 1.1813372433136431e-05, 1.1633446909588499e-05, 1.145759492411395e-05, 1.128558739141722e-05, 1.1117196965547534e-05, 1.0952199327947847e-05, 1.0790374407854014e-05, 1.0631507530730357e-05, 1.0475390490799979e-05, 1.0321822544124455e-05, 1.0170611319106584e-05, 1.0021573641726024e-05, 9.87453627326907e-06, 9.729336558776253e-06, 9.585822984902729e-06, 9.443855646362316e-06, 9.303306620606406e-06, 9.164060250868596e-06, 9.026013338185042e-06, 8.889075243477021e-06, 8.753167901252721e-06, 8.618225746951015e-06, 8.484195560406707e-06, 8.351036228365538e-06, 8.218718429413343e-06, 8.08722424510932e-06, 7.95654670152204e-06, 7.826689245760173e-06, 7.697665162462852e-06, 7.569496935565312e-06, 7.442215560980655e-06, 7.315859816135052e-06, 7.190475492557083e-06, 7.066114597949617e-06, 6.942834534359626e-06, 6.82069725920448e-06, 6.69976843600876e-06, 6.5801165817495266e-06, 6.461812217697993e-06, 6.344927030577875e-06, 6.22953305073462e-06, 6.115701853822371e-06, 6.0035037922677645e-06, 5.893007262460749e-06, 5.784278013254337e-06, 5.6773785009295555e-06, 5.572367295302221e-06, 5.469298541119147e-06, 5.368221478316992e-06, 5.2691800241048625e-06, 5.172212419188346e-06, 5.077350939784298e-06, 4.984621676393522e-06, 4.894044379607584e-06, 4.805632372538754e-06, 4.719392528784672e-06, 4.635325314182877e-06, 4.553424889981791e-06, 4.473679274463758e-06, 4.3960705595084855e-06, 4.320575178090249e-06, 4.247164218263154e-06, 4.175803778812898e-06, 4.106455361442687e-06, 4.039076294119016e-06, 3.973620180030604e-06, 3.910037366511576e-06, 3.848275428246621e-06, 3.78827965910971e-06, 3.7299935670853093e-06, 3.6733593668784965e-06, 3.618318465032473e-06, 3.564811932634114e-06, 3.5127809609931898e-06, 3.462167296023841e-06, 3.412913647430428e-06, 3.3649640691975e-06, 3.3182643083001522e-06, 3.2727621189788536e-06, 3.2284075403576594e-06, 3.1851531356208654e-06, 3.1429541913960224e-06, 3.1017688764171682e-06, 3.0615583589579667e-06, 3.0222868829268975e-06, 2.983921802904958e-06, 2.946433578777467e-06, 2.909795730966504e-06, 2.8739847576069004e-06, 2.838980015327708e-06, 2.8047635656022926e-06, 2.771319988913472e-06, 2.7386361692461488e-06, 2.70670105166827e-06, 2.6755053759916932e-06, 2.6450413897173223e-06, 2.6153025436625985e-06, 2.586283173843141e-06, 2.5579781733326445e-06, 2.530382657953664e-06, 2.503491629754939e-06, 2.477299642305197e-06, 2.4518004718769473e-06, 2.4269867986028244e-06, 2.402849901659418e-06, 2.3793793724658653e-06, 2.356562849774677e-06, 2.3343857803776286e-06, 2.3128312089491295e-06, 2.291879600301307e-06, 2.271508697030173e-06, 2.2516934151897433e-06, 2.2324057802438686e-06, 2.2136149051153426e-06, 2.1952870116825506e-06, 2.17738549657022e-06, 2.1598710415477277e-06, 2.1427017682931093e-06, 2.125833436710167e-06, 2.1092196854080118e-06, 2.092812312375758e-06, 2.076561593318717e-06, 2.0604166345753956e-06, 2.0443257570165766e-06, 2.028236906846995e-06, 2.0120980887962423e-06, 1.9958578168057343e-06, 1.9794655770007384e-06, 1.962872297486838e-06, 1.9460308193339395e-06, 1.92889636301225e-06, 1.911426984526287e-06, 1.8935840155561494e-06, 1.8753324820600438e-06, 1.8566414960167316e-06, 1.8374846152882415e-06, 1.817840166957454e-06, 1.7976915299365042e-06, 1.7770273731432868e-06, 1.7558418460971974e-06, 1.7341347193824943e-06, 1.7119114730591901e-06, 1.6891833317571147e-06, 1.6659672458584104e-06, 1.642285818847088e-06, 1.6181671815707984e-06, 1.593644814809937e-06, 1.5687573221727925e-06, 1.5435481559239141e-06, 1.5180652988978467e-06, 1.4923609061447539e-06, 1.4664909103917056e-06, 1.4405145957784984e-06, 1.4144941446355958e-06, 1.3884941623112526e-06, 1.3625811852232185e-06, 1.3368231774072922e-06, 1.3112890208605235e-06, 1.2860480049330414e-06, 1.2611693199115772e-06, 1.2367215597635012e-06, 1.2127722387767213e-06, 1.1893873265432856e-06, 1.1666308053986012e-06, 1.1445642540498044e-06, 1.1232464607127618e-06, 1.1027330686339495e-06, 1.0830762564081218e-06, 1.0643244550221256e-06, 1.046522103066342e-06, 1.029709441064825e-06, 1.0139223453897398e-06, 9.991922017513742e-07, 9.855458177977318e-07, 9.730053739227528e-07, 9.615884109746778e-07, 9.513078531801469e-07, 9.421720642593555e-07, 9.341849344061214e-07, 9.273459955467225e-07, 9.216505620750352e-07, 9.170898940900821e-07, 9.136513800366891e-07, 9.113187355705724e-07, 9.100722154356347e-07, 9.098888351525805e-07, 9.107425993726972e-07, 9.126047338468431e-07, 9.154439180948135e-07, 9.192265160314629e-07, 9.239168020098577e-07, 9.294771799746097e-07, 9.35868393676454e-07, 9.430497261776495e-07, 9.509791871725871e-07, 9.59613686954215e-07, 9.689091961700205e-07, 9.78820890826383e-07, 9.893032823124821e-07, 1.000310332520035e-06, 