{"penicillins": {"detection": 181.58, "ranking": 93.33, "module": {"x_axis_data": [0.64, 18.9096, 37.1792, 55.448800000000006, 73.7184, 91.988, 110.25760000000001, 128.5272, 146.7968, 165.0664, 183.33599999999998, 201.60559999999998, 219.8752, 238.1448, 256.4144, 274.68399999999997, 292.9536, 311.2232, 329.4928, 347.7624, 366.032, 384.3016, 402.5712, 420.8408, 439.1104], "bar_data": [43.01310043668122, 14.41048034934498, 10.043668122270741, 9.82532751091703, 4.585152838427948, 2.4017467248908297, 4.585152838427948, 2.1834061135371177, 2.4017467248908297, 2.4017467248908297, 1.3100436681222707, 0.43668122270742354, 0.6550218340611353, 0.6550218340611353, 0.0, 0.0, 0.21834061135371177, 0.0, 0.21834061135371177, 0.0, 0.21834061135371177, 0.0, 0.0, 0.0, 0.43668122270742354], "range_count": 25, "name": "penicillins", "h2": 237.50516411378555, "average": 61.60529540481401, "h1": 131.5654704595186, "l2": 375.4266520787746, "curve_data": [0.0061873267473476126, 0.006418364767105435, 0.0066449884374000295, 0.006866339551231845, 0.007081589509997263, 0.007289946897921208, 0.007490664618827757, 0.007683046489166195, 0.00786645319043144, 0.00804030749528794, 0.008204098694581717, 0.008357386166719024, 0.008499802046282928, 0.00863105296490249, 0.008750920853922737, 0.008859262814976373, 0.00895601008076413, 0.00904116610385645, 0.009114803825801805, 0.009177062191965615, 0.009228141989061946, 0.009268301092057703, 0.009297849214853151, 0.009317142264750135, 0.009326576404144526, 0.009326581924107258, 0.009317617033588077, 0.009300161664977238, 0.009274711391829202, 0.009241771547867282, 0.009201851628162002, 0.009155460043854348, 0.009103099291240988, 0.009045261584737117, 0.008982424991466734, 0.008915050093293317, 0.008843577190272648, 0.008768424048053714, 0.00868998418091677, 0.00860862565214469, 0.008524690364460377, 0.008438493805491292, 0.008350325206758753, 0.008260448069620212, 0.008169101007958457, 0.008076498855222346, 0.007982833982644134, 0.007888277776028097, 0.00779298222032367, 0.007697081544142443, 0.007600693880303122, 0.007503922903227054, 0.007406859409380246, 0.007309582812778501, 0.007212162533651967, 0.007114659264515799, 0.007017126103937769, 0.0069196095540618495, 0.006822150383292038, 0.006724784360329662, 0.006627542869883845, 0.006530453423757498, 0.006433540083590599, 0.006336823813293197, 0.006240322780116707, 0.006144052623418237, 0.006048026709515138, 0.005952256389672217, 0.005856751276301279, 0.00576151954997875, 0.005666568307018531, 0.005571903954189199, 0.005477532653862068, 0.005383460819538975, 0.005289695658452752, 0.005196245754866871, 0.0051031216849208505, 0.0050103366514560824, 0.00491790712528124, 0.004825853477845384, 0.004734200589312969, 0.004642978415591717, 0.004552222497947931, 0.004461974399435148, 0.004372282053426183, 0.004283200011029514, 0.004194789576030803, 0.004107118818165935, 0.004020262457932359, 0.003934301618710066, 0.0038493234446203206, 0.003765420585229412, 0.0036826905508424348, 0.00360123494466897, 0.0035211585805271103, 0.0034425684969414485, 0.003365572880449678, 0.003290279912634298, 0.003216796556823981, 0.00314522730155153, 0.0030756728787095875, 0.003008228974912581, 0.002942984954861105, 0.002880022615522512, 0.002819414989701685, 0.0027612252170921654, 0.002705505500184438, 0.002652296161478748, 0.0026016248173180404, 0.0025535056823349786, 0.002507939017007055, 0.0024649107291471544, 0.002424392138334895, 0.0023863399103277658, 0.0023506961663943607, 0.0023173887702983473, 0.0022863317933494417, 0.0022574261555455997, 0.0022305604383834436, 0.0022056118624379953, 0.0021824474203399648, 0.0021609251533432484, 0.002140895557315749, 0.0021222031017429513, 0.0021046878432497925, 0.0020881871132645076, 0.0020725372578128216, 0.002057575406083102, 0.002043141243382158, 0.0020290787634422653, 0.0020152379747714953, 0.0020014765358850268, 0.001987661294829007, 0.0019736697094177515, 0.0019593911260467425, 0.0019447278968055058, 0.0019295963168744525, 0.00191392736681642, 0.0018976672473264703, 0.0018807776972339127, 0.001863236089002041, 0.0018450352995813177, 0.0018261833581738273, 0.0018067028761896732, 0.0017866302683478194, 0.0017660147774220924, 0.0017449173184870019, 0.0017234091616102813, 0.0017015704747069095, 0.001679488750656438, 0.001657257144742689, 0.0016349727499621553, 0.0016127348387339087, 0.001590643100008637, 0.0015687959007081615, 0.0015472885998297006, 0.0015262119424333154, 0.0015056505591184682, 0.001485681594518772, 0.001466373485844325, 0.0014477849096288552, 0.0014299639116515804, 0.0014129472315651172, 0.0013967598301396964, 0.0013814146233024187, 0.0013669124233826827, 0.0013532420842457592, 0.0013403808433794997, 0.0013282948505653196, 0.0013169398695808531, 0.0013062621365094137, 0.0012961993557254225, 0.001286681812531771, 0.001277633579782579, 0.0012689737946606533, 0.0012606179811107303, 0.0012524793932637364, 0.0012444703555193394, 0.0012365035757685697, 0.001228493409509219, 0.0012203570542978577, 0.0012120156560485756, 0.0012033953110764616, 0.0011944279504331637, 0.0011850520959272985, 0.0011752134801947354, 0.0011648655262114982, 0.001153969684654395, 0.0011424956304413774, 0.0011304213225592301, 0.0011177329338493457, 0.0011044246597189502, 0.0010904984167288282, 0.0010759634436427461, 0.001060835818781325, 0.00104513790838826, 0.0010288977611841955, 0.0010121484643592531, 0.0009949274759552481, 0.0009772759479393604, 0.000959238053307152, 0.000940860329316986, 0.0009221910474984603, 0.0009032796194476358, 0.000884176045677055, 0.0008649304129856704, 0.000845592444008341, 0.0008262111008498623, 0.0008068342430533874, 0.0007875083386411294, 0.000768278225633057, 0.0007491869203259378, 0.0007302754677214116, 0.0007115828288398807, 0.0006931457992506394, 0.0006749989529829596, 0.0006571746060454875, 0.0006397027940527954, 0.0006226112589130069, 0.0006059254401389543, 0.0005896684670739312, 0.0005738611491361494, 0.0005585219620472506, 0.0005436670288840773, 0.0005293100956455879, 0.0005154625018275568, 0.0005021331472196029, 0.0004893284567599951, 0.0004770523457863855, 0.0004653061883936013, 0.0004540887918465943, 0.00044339638009699097, 0.00043322258941952304, 0.0004235584790286825, 0.00041439255926890075, 0.0004057108396089141, 0.0003974968982308107, 0.00038973197450569173, 0.0003823950851109763, 0.0003754631639886301, 0.0003689112257877707, 0.0003627125518962673, 0.00035683889765916407, 0.0003512607189195956, 0.00034594741561026695, 0.0003408675897777066, 0.0003359893151418101, 0.0003312804150815675, 0.000326708745793845, 0.00032224248129328895, 0.0003178503969037476, 0.0003135021479298845, 0.00030916854028581925, 0.00030482178998930416, 0.00030043576859866046, 0.0002959862318693139, 0.00029145102913160124, 0.00028681029113663685, 0.0002820465943782032, 0.0002771451001724823, 0.0002720936670613346, 0.0002668829353967401, 0.00026150638326247574, 0.00025596035319292533, 0.00025024404945706523, 0.00024435950598707877, 0.00023831152534435594, 0.00023210758942918258, 0.00022575774295199703, 0.00021927445099095583, 0.0002126724322594342, 0.00020596846999412942, 0.00019918120264537657, 0.0001923308968015632, 0.00018543920500436442, 0.00017852891130621008, 0.00017162366758148476, 0.00016474772372431653, 0.00015792565494506043, 0.00015118208941199826, 0.0001445414394726167, 0.0001380276396293722, 0.00013166389433840158, 0.00012547243854761108, 0.00011947431369544502, 0.00011368916165681287, 0.00010813503885241385, 0.00010282825243709447, 9.778322015739665e-05, 9.301235512409922e-05, 8.852597638841654e-05, 8.433224584675266e-05, 8.043713163455867e-05, 7.684439781062197e-05, 7.355561978438586e-05, 7.057022460555396e-05, 6.788555492160898e-05, 6.549695511877125e-05, 6.339787789860722e-05, 6.15800093086626e-05, 6.003341004340036e-05, 5.87466706631505e-05, 5.77070782451363e-05, 5.690079188302026e-05, 5.6313024390578933e-05, 5.592822754159192e-05, 5.573027819207485e-05, 5.570266268257862e-05, 5.5828657007116275e-05, 5.609150036070116e-05, 5.647455983842836e-05, 