{"SulfurGroupII": {"detection": 17809.0, "ranking": 7.04, "module": {"x_axis_data": [5378.0, 8155.84, 10933.68, 13711.52, 16489.36, 19267.2, 22045.04, 24822.88, 27600.72, 30378.56, 33156.4, 35934.240000000005, 38712.08, 41489.92, 44267.76, 47045.600000000006, 49823.44, 52601.28, 55379.12, 58156.96000000001, 60934.8, 63712.64, 66490.48000000001, 69268.32, 72046.16], "bar_data": [0.8733624454148471, 1.5283842794759825, 2.8384279475982535, 1.9650655021834063, 4.585152838427948, 5.021834061135371, 5.676855895196507, 5.021834061135371, 6.11353711790393, 10.262008733624455, 11.790393013100436, 11.790393013100436, 11.353711790393014, 8.296943231441048, 4.585152838427948, 2.4017467248908297, 2.1834061135371177, 0.6550218340611353, 1.0917030567685588, 0.8733624454148471, 0.0, 0.43668122270742354, 0.21834061135371177, 0.0, 0.43668122270742354], "range_count": 25, "name": "SulfurGroupII", "h2": 54157.35667396061, "average": 35010.31947483589, "h1": 46863.24726477024, "l2": 22853.470459518598, "curve_data": [1.112273423035209e-06, 1.1652957909848855e-06, 1.2201623121419827e-06, 1.2769382779359043e-06, 1.3356919653376967e-06, 1.3964942751278327e-06, 1.459418285146511e-06, 1.5245387183403385e-06, 1.5919313268325958e-06, 1.6616721947350622e-06, 1.7338369639660567e-06, 1.8084999889178215e-06, 1.8857334274004484e-06, 1.9656062768513657e-06, 2.0481833663096585e-06, 2.133524316083371e-06, 2.221682478354919e-06, 2.3127038731450886e-06, 2.406626135060704e-06, 2.5034774870572882e-06, 2.6032757580308355e-06, 2.706027461389047e-06, 2.811726951823583e-06, 2.920355677294662e-06, 3.031881542737639e-06, 3.146258401201146e-06, 3.2634256870273533e-06, 3.3833082042909414e-06, 3.5058160820349067e-06, 3.6308449058933506e-06, 3.75827603349582e-06, 3.887977098630597e-06, 4.019802706537868e-06, 4.153595319944119e-06, 4.289186332577499e-06, 4.4263973239642956e-06, 4.565041486346986e-06, 4.704925211633491e-06, 4.845849823436607e-06, 4.987613436542524e-06, 5.130012923609793e-06, 5.272845966592393e-06, 5.415913168350817e-06, 5.559020198205591e-06, 5.701979943837151e-06, 5.844614640978512e-06, 5.986757951809618e-06, 6.128256962865856e-06, 6.268974073631181e-06, 6.408788747805022e-06, 6.547599100508378e-06, 6.68532329641889e-06, 6.821900735977453e-06, 6.957293009364114e-06, 7.091484600863074e-06, 7.224483329483946e-06, 7.3563205152302254e-06, 7.4870508641507925e-06, 7.616752069216699e-06, 7.745524128069355e-06, 7.873488382719976e-06, 8.000786290275638e-06, 8.127577937654965e-06, 8.254040316968216e-06, 8.380365381705976e-06, 8.50675790704632e-06, 8.633433180393916e-06, 8.760614550655513e-06, 8.88853086669093e-06, 9.017413836821718e-06, 9.147495342204924e-06, 9.279004737271987e-06, 9.412166170285987e-06, 9.547195956391352e-06, 9.684300034334282e-06, 9.823671536346735e-06, 9.9654884985495e-06, 1.010991173668769e-05, 1.0257082909119867e-05, 1.0407122785802695e-05, 1.056012973861649e-05, 1.0716178464835055e-05, 1.0875318951932123e-05, 1.1037575688314737e-05, 1.1202947121054123e-05, 1.1371405358323773e-05, 1.1542896111116792e-05, 1.1717338865965534e-05, 1.1894627277878356e-05, 1.2074629770585026e-05, 1.2257190329478464e-05, 1.2442129471378963e-05, 1.262924537443559e-05, 1.281831515111857e-05, 1.300909624732862e-05, 1.3201327951131044e-05, 1.3394732995471397e-05, 1.3589019240403577e-05, 1.3783881421796888e-05, 1.3979002955128852e-05, 1.4174057784739999e-05, 1.436871227075798e-05, 1.4562627107714426e-05, 1.4755459270608716e-05, 1.4946863985747452e-05, 1.5136496725043962e-05, 1.532401522354186e-05, 1.5509081520682108e-05, 1.5691364026227635e-05, 1.58705396117668e-05, 1.6046295728324582e-05, 1.6218332549815653e-05, 1.6386365140893567e-05, 1.65501256462032e-05, 1.6709365496176146e-05, 1.6863857622360004e-05, 1.7013398672910143e-05, 1.7157811216355024e-05, 1.729694591915536e-05, 1.7430683679983375e-05, 1.7558937701139935e-05, 1.7681655475177803e-05, 1.779882066269524e-05, 1.7910454835475415e-05, 1.8016619057748472e-05, 1.8117415277402523e-05, 1.821298749852447e-05, 1.830352270675161e-05, 1.838925151959208e-05, 1.8470448535146105e-05, 1.8547432354534113e-05, 1.8620565255808843e-05, 1.8690252500169545e-05, 1.875694125488309e-05, 1.8821119121394198e-05, 1.888331226162769e-05, 1.894408312037663e-05, 1.900402774686023e-05, 1.90637727239397e-05, 1.912397171901171e-05, 1.9185301676163573e-05, 1.924845867467775e-05, 1.931415348431927e-05, 1.9383106852931834e-05, 1.945604456661485e-05, 1.953369232706618e-05, 1.9616770494468652e-05, 1.9705988747498608e-05, 1.9802040714573888e-05, 1.9905598632275945e-05, 2.001730808793475e-05, 2.0137782903613372e-05, 2.0267600218155127e-05, 2.0407295822544235e-05, 2.055735980158995e-05, 2.071823253188778e-05, 2.089030108217213e-05, 2.107389605759936e-05, 2.1269288924243775e-05, 2.14766898442249e-05, 2.169624604549493e-05, 2.1928040743492792e-05, 2.2172092624719147e-05, 2.242835589491662e-05, 2.2696720887065934e-05, 2.2977015216954037e-05, 2.3269005466757584e-05, 2.3572399370034575e-05, 2.388684846485215e-05, 2.4211951175611066e-05, 2.4547256278569073e-05, 2.4892266701209885e-05, 2.5246443601545578e-05, 2.560921067024398e-05, 2.5979958596201945e-05, 2.6358049634882417e-05, 2.674282221841634e-05, 2.7133595547150487e-05, 2.7529674103980596e-05, 2.793035203541846e-05, 2.833491734684276e-05, 2.874265586371521e-05, 2.915285491561877e-05, 2.9564806705690716e-05, 2.9977811334276524e-05, 3.039117945229077e-05, 3.08042345267198e-05, 3.121631470779473e-05, 3.162677429448208e-05, 3.203498480193174e-05, 3.2440335641282624e-05, 3.284223442861271e-05, 3.3240106945737124e-05, 3.363339678089665e-05, 3.402156468205974e-05, 3.4404087659511565e-05, 3.478045787757064e-05, 3.515018137762411e-05, 3.551277667618616e-05, 3.586777328236141e-05, 3.621471017895215e-05, 3.655313431052003e-05, 3.688259912003846e-05, 3.720266317342508e-05, 3.7512888908276484e-05, 3.781284153963825e-05, 3.810208815170073e-05, 3.838019700002155e-05, 3.864673704431474e-05, 3.8901277727123755e-05, 3.9143389008883504e-05, 3.937264166507852e-05, 3.958860784648439e-05, 3.979086189892621e-05, 3.997898143465556e-05, 4.015254864339999e-05, 4.031115182742298e-05, 4.045438714158603e-05, 4.058186051645543e-05, 4.069318973997274e-05, 4.078800667111196e-05, 4.086595955729191e-05, 4.092671542609119e-05, 4.09699625210211e-05, 4.099541275073001e-05, 4.100280412103507e-05, 4.099190311956367e-05, 4.096250702353518e-05, 4.0914446102283506e-05, 4.084758568749e-05, 4.076182808573752e-05, 4.065711430988618e-05, 4.053342560786958e-05, 4.039078476980454e-05, 4.0229257196757934e-05, 4.004895171710236e-05, 3.98500211390828e-05, 3.96326625309912e-05, 3.939711722317148e-05, 3.91436705289292e-05, 3.887265118427292e-05, 3.858443050923833e-05, 3.8279421296316156e-05, 3.795807643419563e-05, 3.7620887277614786e-05, 3.7268381776558876e-05, 3.6901122380335905e-05, 3.651970373416278e-05, 3.612475018779666e-05, 3.5716913137413083e-05, 3.529686822336018e-05, 3.486531240757567e-05, 3.442296095533988e-05, 3.3970544346632055e-05, 3.3508805142664005e-05, 3.303849483317008e-05, 3.256037068974861e-05, 3.207519264997287e-05, 3.1583720256139485e-05, 3.1086709671403274e-05, 3.058491079468791e-05, 3.0079064494175223e-05, 2.956989997739505e-05, 2.9058132313987595e-05, 2.854446012512226e-05, 2.8029563451366645e-05, 2.7514101808542172e-05, 2.699871243880915e-05, 2.6484008761937515e-05, 2.59705790294685e-05, 2.545898518229544e-05, 2.4949761910116257e-05, 2.4443415909270334e-05, 2.394042533368915e-05, 2.3441239432088537e-05, 2.2946278363126535e-05, 2.2455933179060393e-05, 2.197056596746339e-05, 2.1490510139813577e-05, 2.1016070855240122e-05, 2.054752556740009e-05, 2.008512468234884e-05, 1.962909231534741e-05, 1.917962713479665e-05, 1.8736903281880857e-05, 1.830107135501913e-05, 1.7872259448828498e-05, 1.7450574237978214e-05, 1.7036102097025866e-05, 1.6628910248048323e-05, 1.62290479285893e-05, 1.583654757311385e-05, 1.5451426001771925e-05, 1.5073685610809238e-05, 1.470331555941236e-05, 1.4340292948128253e-05, 1.3984583984253462e-05, 1.3636145129745967e-05, 1.3294924227280186e-05,