{"quinolones": {"detection": 0.1, "ranking": 48.46, "module": {"x_axis_data": [0.0, 0.8608, 1.7216, 2.5824, 3.4432, 4.304, 5.1648, 6.0256, 6.8864, 7.7472, 8.608, 9.4688, 10.3296, 11.1904, 12.0512, 12.912, 13.7728, 14.6336, 15.4944, 16.3552, 17.216, 18.0768, 18.9376, 19.7984, 20.6592], "bar_data": [31.004366812227076, 0.21834061135371177, 0.6550218340611353, 0.43668122270742354, 0.21834061135371177, 0.0, 0.21834061135371177, 0.43668122270742354, 0.0, 0.0, 0.0, 0.21834061135371177, 0.0, 0.0, 0.0, 0.0, 0.0, 0.0, 0.21834061135371177, 0.0, 0.43668122270742354, 0.21834061135371177, 0.0, 0.21834061135371177, 65.50218340611353], "range_count": 25, "name": "quinolones", "h2": 2.684113785557987, "average": 14.69199124726477, "h1": 1.365601750547046, "l2": 18.97715536105033, "curve_data": [0.530326142047173, 0.5326510174053377, 0.5326324737772714, 0.5302814411613883, 0.5256402370746187, 0.5187814560602331, 0.5098061863817407, 0.4988416135632637, 0.4860380889235545, 0.47156575649944016, 0.45561084321312967, 0.43837172444122, 0.4200548801252754, 0.4008708552611245, 0.38103033324496044, 0.36074042154060015, 0.34020123701241317, 0.3196028637001104, 0.2991227395276778, 0.2789235112021183, 0.2591513791265365, 0.23993493723851853, 0.22138449692755915, 0.20359187012055657, 0.18663057467050334, 0.17055641562859186, 0.15540838898117385, 0.1412098500190295, 0.12796988659071887, 0.11568483788588955, 0.10433990183004963, 0.09391077832049298, 0.08436530102883714, 0.07566501695787423, 0.06776667999329207, 0.06062363197997824, 0.05418705205991901, 0.04840706186236402, 0.043233680417870596, 0.038617628213143754, 0.03451098450582007, 0.03086770582276548, 0.02764401646457199, 0.024798683865729733, 0.022293192879959452, 0.02009183356316037, 0.01816171691835826, 0.01647273246217964, 0.014997460486774087, 0.013711050636578574, 0.012591076999046115, 0.011617378413602398, 0.010771891210686564, 0.010038480164543114, 0.009402772125997516, 0.00885199562665482, 0.008374828732357354, 0.007961256578350668, 0.0076024393387578975, 0.007290590858560067, 0.007018867791729897, 0.006781268825418531, 0.006572543406382071, 0.0063881093011147055, 0.00622397829541313, 0.00607668935414127, 0.005943248602185082, 0.0058210755401803356, 0.00570795496379169, 0.00560199410624273, 0.005501584566235054, 0.005405368615480943, 0.0053122095018097, 0.0052211653766460475, 0.005131466481996624, 0.005042495234851101, 0.004953768849151504, 0.004864924140063134, 0.004775704164562381, 0.004685946368084728, 0.004595571930124064, 0.00450457603244254, 0.004413018811380426, 0.004321016799412919, 0.004228734708819526, 0.004136377459943608, 0.004044182405639201, 0.003952411749722348, 0.0038613451982446724, 0.0037712729162022677, 0.0036824888872551364, 0.0035952847890909014, 0.003509944501685143, 0.003426739359989541, 0.0033459242471839054, 0.003267734600792597, 0.003192384373373044, 0.003120064954194861, 0.003050945020629046, 0.002985171250240605, 0.002922869789155328, 0.002864148341299498, 0.002809098718396462, 0.002757799673556309, 0.0027103198327924, 0.0026667205391925366, 0.0026270584335548078, 0.002591387612338176, 0.0025597612275976974, 0.00253223242263764, 0.002508854529653394, 0.002489680489779584, 0.002474761489891853, 0.0024641448425692936, 0.002457871164447684, 0.0024559709327775328, 0.002458460519774105, 0.0024653378191519357, 0.00247657758933941, 0.0024921266438562577, 0.00251189902204042, 0.002535771273694205, 0.0025635779902231327, 0.0025951077132895365, 0.002630099350465062, 0.002668239226087813, 0.002709158894371446, 0.0027524338402560625, 0.0027975831906570697, 0.0028440705535173402, 0.0028913060931043864, 0.002938649936010601, 0.002985416982158761, 0.0030308831679399066, 0.003074293194025503, 0.0031148696885761763, 0.003151823728332066, 0.0031843665868930785, 0.00321172252348557, 0.003233142369304418, 0.0032479176151461006, 0.003255394656743447, 0.0032549888161983146, 0.0032461977321654027, 0.0032286137004820907, 0.003201934552608774, 0.003165972682549352, 0.0031206618739218605, 0.0030660616366057466, 0.003002358834983914, 0.0029298664744049916, 0.0028490196055428138, 0.002760368403699697, 0.002664568577344057, 0.0025623693527879743, 0.0024545993655963987, 0.002342150860227725, 0.002225962654355665, 0.0021070023609765344, 0.0019862483783852384, 0.0018646721550438982, 0.0017432212139135463, 0.0016228033805557231, 0.0015042726036400141, 0.001388416688471596, 0.0012759471872930508, 0.0011674916081755977, 0.001063588021084871, 0.0009646820587999923, 0.000871126235043006, 0.0007831814351978476, 0.0007010203785139609, 0.0006247328061746238, 0.0005543321178438652, 0.0004897631603917825, 0.00043091086591991146, 0.00037760944091485746, 0.0003296518228723449, 0.0002867991432712027, 0.0002487899643735298, 0.00021534908996165706, 0.0001861957848287488, 0.00016105127280600535, 0.00013964541675757453, 0.00012172251501844542, 0.00010704617623374769, 9.540325786683411e-05, 8.660687250426928e-05, 8.04984805413777e-05, 7.69490982053176e-05, 7.585965671881512e-05, 7.716055245739336e-05, 8.081043005157803e-05, 8.679424143043513e-05, 9.512062468124187e-05, 0.00010581864813123008, 0.00011893396793938364, 0.00013452445225149598, 0.00015265533195056577, 0.00017339394733063664, 0.00019680417149834582, 0.00022294060458453565, 0.00025184264732088033, 0.0002835285773925681, 0.00031798976624091845, 0.00035518518656678285, 0.0003950363705276821, 0.0004374229843911092, 0.0004821791861481565, 0.0005290909274064877, 0.0005778943490959511, 0.0006282754017481471, 0.0006798707953061161, 0.0007322703509086328, 0.00078502078859207, 0.0008376309414614727, 0.0008895783400568254, 0.0009403170621387341, 0.0009892866949278841, 0.0010359222110797766, 0.0010796645185172967, 0.0011199714097515775, 0.0011563286103700916, 0.0011882606105225102, 0.0012153409586428477, 0.0012372017039748299, 0.0012535416938369982, 0.0012641334625260227, 0.0012688284902996417, 0.0012675606614684764, 0.001260347808267193, 0.0012472912895191489, 0.001228573617562005, 0.0012044542107622909, 0.0011752634095412826, 0.0011413949486555285, 0.001103297125308937, 0.0010614629397077955, 0.0010164195105817882, 0.0009687170822034584, 0.0009189179413360444, 0.0008675855526780649, 0.0008152742006302946, 0.0007625193949246038, 0.0007098292595347374, 0.0006576770803149123, 0.000606495139117452, 0.0005566699128996929, 0.0005085386676470416, 0.00046238743074720985, 0.0004184502834307699, 0.00037690987840796906, 0.00033789905788517003, 0.0003015034243614999, 0.00026776470123713523, 0.00023668471220562794, 0.00020822980723670816, 0.00018233556800373955, 0.00015891163599117967, 0.00013784652121473005, 0.00011901226741129072, 0.00010226886960722957, 8.746836109502208e-05, 7.44585080718166e-05, 6.308607067407079e-05, 5.319960818264955e-05, 4.4651823235280296e-05, 3.7301454593711626e-05, 3.101474015388272e-05, 2.5666481385157743e-05, 2.114074729044462e-05, 1.733126044693569e-05, 1.4141509950295213e-05, 1.1484636431323961e-05, 9.283133063497147e-06, 7.468403963944408e-06, 5.9802179351195505e-06, 4.766091405355346e-06, 3.780629979006061e-06, 2.9848534388478845e-06, 2.3455245515811045e-06, 1.8344977663203247e-06, 1.4280999798084243e-06, 1.1065520471199671e-06, 8.534366860036695e-07, 6.552158718718563e-07, 5.00798741283827e-07, 3.8115938988540345e-07, 2.890027293175262e-07, 2.184757121587298e-07, 1.6492069638706164e-07, 1.2466745247292085e-07, 9.48602702966231e-08, 7.331675653113868e-08, 5.841518761106026e-08, 4.9007665894485864e-08, 4.4356789451049975e-08, 4.409406644750139e-08, 4.8198865119662787e-08, 5.6997275108951084e-08, 7.118085328314102e-08, 9.184582617973654e-08, 1.205539111819753e-07, 1.5941648769470304e-07, 2.1120438397621736e-07, 2.794860277234515e-07, 3.6879711772095955e-07, 4.848452838208784e-07, 6.347533821010349e-07, 8.27345085078343e-07, 1.0734762326134858e-06, 1.3864149634155083e-06, 1.7822729038100618e-06, 2.2804886041791184e-06, 2.904362942322789e-06, 3.681644322401915e-06, 4.645159165305413e-06, 5.833480405090616e-06, 7.291623492225159e-06, 9.07175580038324e-06, 