{"glucomannan": {"detection": 52579.0, "ranking": 3.29, "module": {"x_axis_data": [35875.8333333, 41718.359999968, 47560.886666636, 53403.41333330399, 59245.939999972, 65088.46666664, 70930.993333308, 76773.51999997601, 82616.04666664399, 88458.573333312, 94301.09999998, 100143.626666648, 105986.153333316, 111828.67999998399, 117671.206666652, 123513.73333332001, 129356.25999998799, 135198.786666656, 141041.31333332398, 146883.839999992, 152726.36666666, 158568.893333328, 164411.419999996, 170253.94666666398, 176096.473333332], "bar_data": [0.43668122270742354, 1.7467248908296942, 4.366812227074235, 8.51528384279476, 8.51528384279476, 8.73362445414847, 13.318777292576419, 13.537117903930133, 11.790393013100436, 9.170305676855897, 6.768558951965066, 2.6200873362445414, 3.056768558951965, 2.4017467248908297, 1.7467248908296942, 1.0917030567685588, 0.21834061135371177, 0.8733624454148471, 0.0, 0.43668122270742354, 0.0, 0.0, 0.0, 0.21834061135371177, 0.43668122270742354], "range_count": 25, "name": "glucomannan", "h2": 141667.7549234044, "average": 83178.56564549169, "h1": 112902.57986869322, "l2": 54093.77753461707, "curve_data": [2.9057245989404334e-07, 3.0692100342222457e-07, 3.2437974904293614e-07, 3.4305183691454304e-07, 3.6304613190308996e-07, 3.8447685906905314e-07, 4.074631867234674e-07, 4.3212876412881254e-07, 4.586012217521473e-07, 4.87011642588995e-07, 5.174940134432193e-07, 5.501846651541831e-07, 5.852217105993704e-07, 6.227444888681352e-07, 6.628930233086353e-07, 7.058075002122746e-07, 7.51627773743264e-07, 8.00492901378045e-07, 8.525407126301171e-07, 9.079074122455663e-07, 9.667272174133186e-07, 1.0291320268944797e-06, 1.0952511183911959e-06, 1.1652108690008697e-06, 1.2391344922876036e-06, 1.3171417843970325e-06, 1.39934887078503e-06, 1.4858679445602441e-06, 1.5768069871813492e-06, 1.6722694623200927e-06, 1.7723539741073575e-06, 1.8771538817189631e-06, 1.9867568633167087e-06, 2.1012444237146427e-06, 2.2206913417572144e-06, 2.345165055232855e-06, 2.4747249831546715e-06, 2.6094217873640318e-06, 2.7492965775943853e-06, 2.894380066310723e-06, 3.044691681753619e-06, 3.200238649607201e-06, 3.3610150555225246e-06, 3.5270009023125517e-06, 3.6981611769502352e-06, 3.874444943513996e-06, 4.05578447891098e-06, 4.242094468554824e-06, 4.433271279177667e-06, 4.629192325622411e-06, 4.829715547808418e-06, 5.03467901311471e-06, 5.243900658214214e-06, 5.457178182955581e-06, 5.674289107269664e-06, 5.894991000317452e-06, 6.119021889239594e-06, 6.346100852955909e-06, 6.575928804533354e-06, 6.80818946372672e-06, 7.042550519422581e-06, 7.278664979903319e-06, 7.516172707105476e-06, 7.754702129378358e-06, 7.993872125651381e-06, 8.233294072382072e-06, 8.472574043165392e-06, 8.711315149421403e-06, 8.949120009121186e-06, 9.185593329041429e-06, 9.42034458453782e-06, 9.652990779285094e-06, 9.88315926583818e-06, 1.0110490606227993e-05, 1.0334641450125554e-05, 1.0555287406409732e-05, 1.077212588228827e-05, 1.0984878862486638e-05, 1.119329559948689e-05, 1.1397155184423825e-05, 1.1596268967093097e-05, 1.1790482792662152e-05, 1.1979679022168869e-05, 1.216377830381177e-05, 1.234274106244208e-05, 1.2516568675618846e-05, 1.2685304306128232e-05, 1.2849033363030622e-05, 1.300788356610417e-05, 1.3162024592001204e-05, 1.3311667284510738e-05, 1.3457062415992336e-05, 1.3598498992261643e-05, 1.3736302098899016e-05, 1.3870830293031151e-05, 1.4002472551009278e-05, 1.4131644788955853e-05, 1.4258785979766146e-05, 1.4384353896696919e-05, 1.45088205200298e-05, 1.46326671493333e-05, 1.4756379269440792e-05, 1.4880441223300797e-05, 1.5005330749232206e-05, 1.5131513443741536e-05, 1.5259437213852932e-05, 1.538952678480635e-05, 1.5522178329946833e-05, 1.5657754289639466e-05, 1.5796578445083288e-05, 1.5938931310980295e-05, 1.608504590816143e-05, 1.6235103973521903e-05, 1.6389232660025687e-05, 1.6547501774167575e-05, 1.670992159220318e-05, 1.6876441289756434e-05, 1.7046948012176982e-05, 1.7221266605339886e-05, 1.739916001855481e-05, 1.7580330382979696e-05, 1.7764420760517944e-05, 1.7951017549720183e-05, 1.8139653526816356e-05, 1.8329811491776767e-05, 1.8520928481344718e-05, 1.8712400503406074e-05, 1.890358773996547e-05, 1.9093820159488726e-05, 1.9282403473547527e-05, 1.9468625367663013e-05, 1.9651761932083357e-05, 1.983108421502932e-05, 2.0005864818783493e-05, 2.0175384457941566e-05, 2.033893839924407e-05, 2.0495842703698448e-05, 2.064544019419514e-05, 2.078710607552006e-05, 2.092025313853247e-05, 2.1044336486264925e-05, 2.1158857726729665e-05, 2.1263368585181954e-05, 2.1357473897366507e-05, 2.1440833954710977e-05, 2.151316618235995e-05, 2.1574246141176506e-05, 2.162390785518219e-05, 2.1662043476148958e-05, 2.1688602306997442e-05, 2.1703589215083617e-05, 2.1707062475183888e-05, 2.1699131089830485e-05, 2.1679951641453096e-05, 2.1649724736411308e-05, 2.160869110535659e-05, 2.155712742737121e-05, 2.1495341946961483e-05, 2.1423669953238e-05, 2.1342469189533352e-05, 2.125211525936722e-05, 2.1152997091172147e-05, 2.1045512519682397e-05, 2.0930064036519364e-05, 2.0807054756464055e-05, 2.0676884639377187e-05, 2.0539947000912107e-05, 2.039662533826245e-05, 2.0247290490378328e-05, 2.009229814555842e-05, 1.993198670322461e-05, 1.9766675491152888e-05, 1.959666333456412e-05, 1.9422227469350445e-05, 1.924362278835964e-05, 1.9061081407094217e-05, 1.8874812533373276e-05, 1.8685002624402806e-05, 1.849181581421803e-05, 1.829539459450305e-05, 1.809586073223004e-05, 1.7893316408271264e-05, 1.768784556197819e-05, 1.7479515427566025e-05, 1.726837824885718e-05, 1.7054473159414193e-05, 1.6837828215234274e-05, 1.6618462566913554e-05, 1.6396388757470975e-05, 1.617161513083242e-05, 1.5944148334326862e-05, 1.5713995896474452e-05, 1.54811688589209e-05, 1.5245684438684538e-05, 1.5007568694040123e-05, 1.476685916450395e-05, 1.4523607452636902e-05, 1.4277881712901947e-05, 1.4029769010737968e-05, 1.3779377513483705e-05, 1.3526838473930975e-05, 1.3272307967214111e-05, 1.3015968342536832e-05, 1.2758029352963591e-05, 1.2498728929188883e-05, 1.223833356684836e-05, 1.197713830151756e-05, 1.1715466251001372e-05, 1.1453667710756864e-05, 1.1192118795197775e-05, 1.0931219625063181e-05, 1.0671392068836007e-05, 1.041307705419474e-05, 1.0156731473494938e-05, 9.90282471511872e-06, 9.651834860016505e-06, 9.404244589719448e-06, 9.160536858358015e-06, 8.921190386632418e-06, 8.686675040114795e-06, 8.45744715761474e-06, 8.233944897527212e-06, 8.016583671049481e-06, 7.805751730874591e-06, 7.601805982441185e-06, 7.405068082070004e-06, 7.215820882396951e-06, 7.034305280495146e-06, 6.86071751806063e-06, 6.695206976131981e-06, 6.537874499153749e-06, 6.388771274920082e-06, 6.247898288202682e-06, 6.115206356834953e-06, 5.990596749857424e-06, 5.873922378193797e-06, 5.764989539384476e-06, 5.66356018931658e-06, 5.569354705806474e-06, 5.482055101457139e-06, 5.401308636557461e-06, 5.326731777031435e-06, 5.257914437681965e-06, 5.1944244472888315e-06, 5.135812169575666e-06, 5.081615212696527e-06, 5.031363159729413e-06, 4.984582253693979e-06, 4.940799972808557e-06, 4.899549435013424e-06, 4.860373575139322e-06, 4.822829043396826e-06, 4.7864897799858414e-06, 4.750950227443164e-06, 4.715828149709693e-06, 4.680767034649128e-06, 4.645438064717259e-06, 4.60954164849596e-06, 4.572808513695458e-06, 4.53500036982836e-06, 4.495910155910475e-06, 4.455361895103749e-06, 4.413210184057823e-06, 4.369339349722055e-06, 4.323662310504539e-06, 4.276119181789057e-06, 4.226675667950872e-06, 4.175321284130308e-06, 4.122067451146724e-06, 4.066945506108276e-06, 4.0100046695591845e-06, 3.951310007492805e-06, 3.8909404233471235e-06, 3.828986711305735e-06, 3.7655496979779804e-06, 3.700738494956559e-06, 3.6346688799837153e-06, 3.5674618196273226e-06, 3.499242141601454e-06, 3.430137360277302e-06, 3.360276654624002e-06, 3.289789993885528e-06, 3.218807402813311e-06, 3.147458355294253e-06, 3.0758712827808774e-06, 3.0041731820707843e-06, 2.932489305704133e-06, 2.8609429175458595e-06, 2.789655095973543e-06, 2.718744567470841e-06, 2.6483275542888856e-06, 2.578517621133238e-06, 