{"Cellulose": {"detection": 248096.5, "ranking": 55.16, "module": {"x_axis_data": [125120.0, 138066.51333332, 151013.02666664, 163959.53999996, 176906.05333328, 189852.5666666, 202799.07999992, 215745.59333324002, 228692.10666656, 241638.61999988003, 254585.1333332, 267531.64666652004, 280478.15999984, 293424.67333316, 306371.18666648003, 319317.6999998, 332264.21333312, 345210.72666644, 358157.23999976006, 371103.75333308, 384050.2666664, 396996.77999972005, 409943.29333304, 422889.80666636, 435836.31999968004], "bar_data": [1.3100436681222707, 2.6200873362445414, 3.056768558951965, 5.458515283842795, 8.078602620087336, 8.078602620087336, 13.100436681222707, 8.296943231441048, 9.82532751091703, 8.73362445414847, 8.73362445414847, 6.768558951965066, 4.366812227074235, 3.056768558951965, 2.6200873362445414, 2.1834061135371177, 1.3100436681222707, 0.43668122270742354, 0.6550218340611353, 0.21834061135371177, 0.21834061135371177, 0.43668122270742354, 0.0, 0.0, 0.43668122270742354], "range_count": 25, "name": "Cellulose", "h2": 382208.8588618797, "average": 239145.63712606783, "h1": 304303.14405524946, "l2": 448782.833333, "curve_data": [3.973549950570168e-07, 4.150958150827176e-07, 4.332702256469545e-07, 4.518846639245983e-07, 4.7094681117788067e-07, 4.904656038288567e-07, 5.104512227043846e-07, 5.309150602075084e-07, 5.518696656240053e-07, 5.73328669238768e-07, 5.953066864029469e-07, 6.178192031485034e-07, 6.408824453806488e-07, 6.645132340797335e-07, 6.887288293015137e-07, 7.135467660686345e-07, 7.389846854874183e-07, 7.650601645949349e-07, 7.917905485355868e-07, 8.191927886793648e-07, 8.472832902229954e-07, 8.76077772659497e-07, 9.055911462627451e-07, 9.358374074148059e-07, 9.668295552107394e-07, 9.985795313157498e-07, 1.0310981845321691e-06, 1.0643952609701332e-06, 1.0984794201178278e-06, 1.1333582764887908e-06, 1.1690384658987503e-06, 1.205525734807871e-06, 1.2428250505705464e-06, 1.280940729878564e-06, 1.3198765821784193e-06, 1.3596360644021541e-06, 1.4002224429854668e-06, 1.4416389588657741e-06, 1.4838889909655127e-06, 1.52697621357686e-06, 1.5709047430779484e-06, 1.615679269528108e-06, 1.661305168909933e-06, 1.707788592105855e-06, 1.7551365271103144e-06, 1.8033568314785257e-06, 1.8524582325888517e-06, 1.9024502939373167e-06, 1.9533433463763815e-06, 2.005148383942386e-06, 2.057876924671767e-06, 2.111540837570268e-06, 2.1661521376562723e-06, 2.2217227517333678e-06, 2.2782642582437375e-06, 2.3357876051980054e-06, 2.3943028107557854e-06, 2.4538186515318424e-06, 2.514342344114616e-06, 2.575879225597742e-06, 2.638432439133222e-06, 2.7020026306115986e-06, 2.7665876625555565e-06, 2.832182351177293e-06, 2.898778232296479e-06, 2.9663633614468184e-06, 3.0349221530191965e-06, 3.1044352627038764e-06, 3.1748795168110918e-06, 3.2462278912784193e-06, 3.3184495423253134e-06, 3.3915098898036172e-06, 3.465370753331446e-06, 3.5399905403026516e-06, 3.6153244838517085e-06, 3.691324927841574e-06, 3.767941654949254e-06, 3.845122252967915e-06, 3.922812513545763e-06, 4.0009568567585465e-06, 4.0794987741833535e-06, 4.158381282523995e-06, 4.237547379349171e-06, 4.31694049215902e-06, 4.396504911806413e-06, 4.476186201278066e-06, 4.555931570994366e-06, 4.63569021212244e-06, 4.715413579915238e-06, 4.795055619789524e-06, 4.874572929732657e-06, 4.953924853671711e-06, 5.033073501637486e-06, 5.11198369389193e-06, 5.190622827641231e-06, 5.2689606665025964e-06, 5.346969054504933e-06, 5.4246215580509086e-06, 5.501893040917927e-06, 5.578759178995215e-06, 5.65519592300708e-06, 5.7311789189244656e-06, 5.8066828970822324e-06, 5.881681042166085e-06, 5.956144357177777e-06, 6.030041035204344e-06, 6.103335853279347e-06, 6.175989602814715e-06, 6.247958570983532e-06, 6.319194087039293e-06, 6.389642146863105e-06, 6.459243128039731e-06, 6.5279316064872755e-06, 6.595636284120253e-06, 6.662280035234546e-06, 6.72778007729529e-06, 6.792048269619025e-06, 6.854991541110017e-06, 6.91651244578087e-06, 6.976509842306912e-06, 7.034879691380984e-06, 7.091515962202883e-06, 7.146311637103376e-06, 7.1991598011189325e-06, 7.249954801346134e-06, 7.298593459158513e-06, 7.344976316902894e-06, 7.389008899542478e-06, 7.430602970907631e-06, 7.469677763774084e-06, 7.506161162927033e-06, 7.539990820694298e-06, 7.571115185140783e-06, 7.599494422200997e-06, 7.625101214469069e-06, 7.647921421141343e-06, 7.667954585684502e-06, 7.685214280143739e-06, 7.699728277568321e-06, 7.711538546766513e-06, 7.720701066459699e-06, 7.727285458829416e-06, 7.731374445389764e-06, 7.733063131012498e-06, 7.732458124732397e-06, 7.729676508611717e-06, 7.724844668398408e-06, 7.718097001926653e-06, 7.70957452314354e-06, 7.699423381266291e-06, 7.687793315855762e-06, 7.674836069512252e-06, 7.660703780447065e-06, 7.645547377352514e-06, 7.629514998785038e-06, 7.612750458701344e-06, 7.595391778861014e-06, 7.57756980755363e-06, 7.559406942552247e-06, 7.541015974371778e-06, 7.522499063857445e-06, 7.503946865886891e-06, 7.485437808582953e-06, 7.4670375349479356e-06, 7.448798511290348e-06, 7.430759804267507e-06, 7.412947025855765e-06, 7.395372443127278e-06, 7.378035247398004e-06, 7.360921975150851e-06, 7.3440070711635225e-06, 7.327253582509031e-06, 7.310613970570763e-06, 7.294031026939827e-06, 7.2774388780521634e-06, 7.260764062682858e-06, 7.243926665945879e-06, 7.226841493245627e-06, 7.209419267683303e-06, 7.191567834723707e-06, 7.173193358459576e-06, 7.1542014945520365e-06, 7.1344985258538944e-06, 7.113992447814056e-06, 7.092593991989452e-06, 7.070217577330228e-06, 7.04678218032708e-06, 7.022212116590136e-06, 6.996437727942199e-06, 6.969395970629699e-06, 6.941030901760903e-06, 6.911294062551355e-06, 6.880144758373146e-06, 6.847550236949471e-06, 6.81348576729739e-06, 6.777934623185061e-06, 6.740887975927762e-06, 6.702344702290911e-06, 6.66231111409317e-06, 6.620800616805271e-06, 6.5778333050179435e-06, 6.533435503106136e-06, 6.48763925974608e-06, 6.440481805150432e-06, 6.39200497997699e-06, 6.342254644842575e-06, 6.291280079240673e-06, 6.239133378424849e-06, 6.185868856485365e-06, 6.131542463421549e-06, 6.0762112235034096e-06, 6.019932701631174e-06, 5.962764503749615e-06, 5.9047638166622695e-06, 5.845986991830657e-06, 5.786489176943316e-06, 5.726323998210093e-06, 5.665543295489216e-06, 5.604196911499129e-06, 5.5423325355153385e-06, 5.479995601115758e-06, 5.417229236728015e-06, 5.354074266959032e-06, 5.290569261963034e-06, 5.226750631437803e-06, 5.162652759240008e-06, 5.098308174087986e-06, 5.033747751380327e-06, 4.969000940807111e-06, 4.904096014172838e-06, 4.8390603276869096e-06, 4.773920592911247e-06, 4.708703150584546e-06, 4.6434342416645e-06, 4.578140270141653e-06, 4.512848052473385e-06, 4.447585048857094e-06, 4.382379572001508e-06, 4.317260969550704e-06, 4.252259776861141e-06, 4.187407837413105e-06, 4.122738388744974e-06, 4.0582861124199125e-06, 3.994087147158695e-06, 3.930179064888214e-06, 3.866600810053115e-06, 3.803392603108486e-06, 3.740595809645782e-06, 3.678252777095567e-06, 3.6164066413930195e-06, 3.555101106380126e-06, 3.494380199050171e-06, 3.434288004011697e-06, 3.374868380760951e-06, 3.316164667504303e-06, 3.258219375365615e-06, 3.2010738768520608e-06, 3.1447680924375965e-06, 3.089340179060209e-06, 3.034826224222756e-06, 2.9812599492408407e-06, 2.928672425001467e-06, 2.877091803387148e-06, 2.8265430672875986e-06, 2.7770478018693323e-06, 2.728623989507736e-06, 2.6812858305102943e-06, 2.63504359147734e-06, 2.5899034828619637e-06, 2.545867567005574e-06, 2.502933697642952e-06, 2.461095491592158e-06, 2.420342333071409e-06, 2.380659410818498e-06, 2.342027787928608e-06, 2.3044245040735126e-06, 2.26782270952007e-06, 2.2321918301271432e-06, 2.197497762268253e-06, 2.1637030964020225e-06, 2.130767367793042e-06, 2.098647332672616e-06, 2.0672972679221402e-06, 2.0366692921612987e-06, 2.00671370593055e-06, 1.9773793484725948e-06, 1.948613968442723e-06, 1.920364605714436e-06, 1.8925779812969996e-06, 1.8652008922474096e-06, 1.8381806083439932e-06, 1.8114652671948308e-06, 1.7850042643843472e-06, 1.7587486352193471e-06, 1.732651424623563e-06, 