{"Glycolysis": {"detection": 747357.166667, "ranking": 15.04, "module": {"x_axis_data": [595777.833333, 622927.75999968, 650077.68666636, 677227.6133330399, 704377.53999972, 731527.4666664, 758677.39333308, 785827.31999976, 812977.24666644, 840127.17333312, 867277.0999998, 894427.02666648, 921576.95333316, 948726.8799998399, 975876.80666652, 1003026.7333332, 1030176.65999988, 1057326.58666656, 1084476.51333324, 1111626.43999992, 1138776.3666666, 1165926.29333328, 1193076.2199999602, 1220226.14666664, 1247376.0733333202], "bar_data": [0.8733624454148471, 1.7467248908296942, 3.2751091703056767, 3.9301310043668125, 7.641921397379912, 7.20524017467249, 12.882096069868995, 17.903930131004365, 13.318777292576419, 12.22707423580786, 6.986899563318777, 5.458515283842795, 1.5283842794759825, 2.4017467248908297, 0.6550218340611353, 0.21834061135371177, 0.21834061135371177, 0.0, 0.21834061135371177, 0.43668122270742354, 0.0, 0.21834061135371177, 0.21834061135371177, 0.0, 0.43668122270742354], "range_count": 25, "name": "Glycolysis", "h2": 1081446.6528080744, "average": 821532.1469727899, "h1": 955202.4642595076, "l2": 686376.603938442, "curve_data": [1.1659475910261248e-07, 1.2210941926538258e-07, 1.2769428732101224e-07, 1.3334854444069107e-07, 1.3907336707985207e-07, 1.4487211625776737e-07, 1.507504981922564e-07, 1.5671669116867799e-07, 1.6278143400784572e-07, 1.6895807213934462e-07, 1.7526255807663068e-07, 1.8171340401405926e-07, 1.8833158530397008e-07, 1.9514039469902052e-07, 2.0216524843138013e-07, 2.094334464124298e-07, 2.1697389003764013e-07, 2.2481676223305985e-07, 2.32993175443881e-07, 2.4153479420445045e-07, 2.5047343970843747e-07, 2.598406843872681e-07, 2.696674448796997e-07, 2.799835819176956e-07, 2.9081751555342104e-07, 3.021958638076627e-07, 3.141431122383709e-07, 3.2668132112531073e-07, 3.398298759673255e-07, 3.5360528582426253e-07, 3.680210327445973e-07, 3.830874741456382e-07, 3.988117986025309e-07, 4.151980341035071e-07, 4.3224710648975176e-07, 4.4995694456432016e-07, 4.683226272670467e-07, 4.873365674067517e-07, 5.069887257459981e-07, 5.272668487669206e-07, 5.481567232190985e-07, 5.696424405628338e-07, 5.917066646641223e-07, 6.143308965529895e-07, 6.374957306980728e-07, 6.611810980436825e-07, 6.853664919619292e-07, 7.100311742490567e-07, 7.351543592968488e-07, 7.607153755525084e-07, 7.866938043012533e-07, 8.130695966264525e-07, 8.398231700901298e-07, 8.669354872062788e-07, 8.94388118134007e-07, 9.22163290188689e-07, 9.502439267588148e-07, 9.786136780350802e-07, 1.0072569456259212e-06, 1.036158902678391e-06, 1.0653055105794892e-06, 1.0946835327201847e-06, 1.1242805452057003e-06, 1.1540849438349555e-06, 1.184085946192457e-06, 1.2142735873371045e-06, 1.2446387073686682e-06, 1.2751729291313787e-06, 1.3058686244926542e-06, 1.3367188680217206e-06, 1.3677173774837417e-06, 1.39885844134505e-06, 1.4301368344270267e-06, 1.4615477239127798e-06, 1.493086569053946e-06, 1.5247490190895636e-06, 1.5565308150133591e-06, 1.5884277018452395e-06, 1.6204353589119833e-06, 1.6525493562582273e-06, 1.684765145634853e-06, 1.7170780944985615e-06, 1.7494835710666138e-06, 1.7819770876804078e-06, 1.8145545085315277e-06, 1.8472123262029278e-06, 1.8799480095005602e-06, 1.912760422739647e-06, 1.945650314063013e-06, 1.978620867580038e-06, 2.0116783112082968e-06, 2.04483256917144e-06, 2.0780979452563483e-06, 2.111493820264015e-06, 2.1450453447033274e-06, 2.1787841057719537e-06, 2.212748746131823e-06, 2.2469855109936882e-06, 2.2815486996371164e-06, 2.316500997752066e-06, 2.351913667921176e-06, 2.3878665771722008e-06, 2.4244480428037644e-06, 2.4617544805895255e-06, 2.499889842944921e-06, 2.5389648386273044e-06, 2.5790959299536002e-06, 2.6204041082639935e-06, 2.6630134533355976e-06, 2.707049487545989e-06, 2.752637340693782e-06, 2.7998997463890145e-06, 2.8489548957208705e-06, 2.8999141783875916e-06, 2.9528798455332354e-06, 3.0079426320837945e-06, 3.0651793793253718e-06, 3.1246507007424466e-06, 3.186398735666203e-06, 3.250445036014463e-06, 3.3167886312877364e-06, 3.385404315985775e-06, 3.456241201701604e-06, 3.52922157332697e-06, 3.6042400850688928e-06, 3.6811633273549717e-06, 3.7598297902337593e-06, 3.840050242616411e-06, 3.921608539736847e-06, 4.004262863630784e-06, 4.087747393373386e-06, 4.1717743934151395e-06, 4.256036699781762e-06, 4.3402105753378275e-06, 4.423958896955581e-06, 4.506934629485563e-06, 4.588784534110011e-06, 4.669153052184268e-06, 4.747686300241891e-06, 4.8240361076442445e-06, 4.897864025563647e-06, 4.968845234737599e-06, 5.036672279821498e-06, 5.101058560258037e-06, 5.161741511384104e-06, 5.218485414973313e-06, 5.271083785472918e-06, 5.319361286698048e-06, 5.363175143502818e-06, 5.402416023723307e-06, 5.437008377209097e-06, 5.466910230726257e-06, 5.492112449601375e-06, 5.512637488852796e-06, 5.528537667887197e-06, 5.5398930133104825e-06, 5.546808723713417e-06, 5.549412318184197e-06, 5.547850536552586e-06, 5.5422860638133975e-06, 5.5328941537015045e-06, 5.519859226939559e-06, 5.5033715182658065e-06, 5.483623843038262e-06, 5.460808549131043e-06, 5.435114713166439e-06, 5.4067256320847e-06, 5.375816651903811e-06, 5.342553365549375e-06, 5.307090201145263e-06, 5.269569411458679e-06, 5.2301204645961204e-06, 5.188859825841953e-06, 5.145891110990341e-06, 5.1013055828836035e-06, 5.055182955340999e-06, 5.007592462403301e-06, 4.95859414594959e-06, 4.908240311336952e-06, 4.8565770987984556e-06, 4.803646117895051e-06, 4.749486093295829e-06, 4.69413447246667e-06, 4.637628949354483e-06, 4.580008862713311e-06, 4.521316433159375e-06, 4.4615978091794725e-06, 4.400903898959464e-06, 4.339290971851065e-06, 4.276821020363736e-06, 4.2135618805691625e-06, 4.149587115565421e-06, 4.084975673007343e-06, 4.0198113335289555e-06, 3.9541819720412094e-06, 3.888178658284898e-06, 3.821894626577189e-06, 3.755424147355432e-06, 3.6888613348637014e-06, 3.6222989261349334e-06, 3.5558270663078097e-06, 3.489532134315195e-06, 3.423495641141013e-06, 3.357793230235309e-06, 3.292493806385685e-06, 3.2276588154670144e-06, 3.1633416931376223e-06, 3.0995874958372027e-06, 3.0364327224918146e-06, 2.9739053302717244e-06, 2.9120249427022067e-06, 2.850803243522296e-06, 2.790244545035937e-06, 2.7303465154160022e-06, 2.671101045600876e-06, 2.612495233151182e-06, 2.5545124577811635e-06, 2.4971335212972113e-06, 2.4403378234016764e-06, 2.384104544269343e-06, 2.328413804975562e-06, 2.2732477777291265e-06, 2.2185917194027218e-06, 2.1644349040060618e-06, 2.110771432445437e-06, 2.05760090107924e-06, 2.0049289141246114e-06, 1.9527674288009473e-06, 1.9011349261129886e-06, 1.850056404280116e-06, 1.7995631959105226e-06, 1.7496926140053565e-06, 1.700487435669984e-06, 1.6519952359273507e-06, 1.6042675872016143e-06, 1.5573591428088912e-06, 1.5113266251085076e-06, 1.4662277407964681e-06, 1.4221200471391655e-06, 1.3790597937380058e-06, 1.3371007646836709e-06, 1.2962931457124252e-06, 1.2566824402352147e-06, 1.2183084569018205e-06, 1.1812043897216225e-06, 1.1453960097317538e-06, 1.1109009848287802e-06, 1.0777283417124122e-06, 1.0458780809832478e-06, 1.0153409533469395e-06, 9.860984016628704e-07, 9.581226702944723e-07, 9.313770799303123e-07, 9.058164628083091e-07, 8.813877501481113e-07, 8.580307006348873e-07, 8.356787560564128e-07, 8.142600077253324e-07, 7.936982551684883e-07, 7.739141367781171e-07, 7.548263107341599e-07, 7.363526635541702e-07, 7.184115231317084e-07, 7.009228531016254e-07, 6.838094058273738e-07, 6.669978122382535e-07, 6.504195881387713e-07, 6.340120384431049e-07, 6.177190430187767e-07, 6.014917104086873e-07, 5.852888885828231e-07, 5.690775249853643e-07, 5.528328714168072e-07, 5.36538532646273e-07, 5.20186361004947e-07, 5.037762024849984e-07, 4.873155029784735e-07, 4.7081878615980983e-07, 4.5430701707310617e-07, 4.37806867668218e-07, 4.213499022864026e-07, 4.049717023866499e-07, 3.8871095060210304e-07, 3.726084945099303e-07, 3.5670641029081216e-07, 3.4104708576283746e-07, 3.2567234113018203e-07, 3.106226042328039e-07, 2.95936155173874e-07, 2.8164845299971835e-07, 2.677915546825266e-07, 2.543936340824072e-07, 