{"SulfurGroupI": {"detection": 50974.0, "ranking": 14.16, "module": {"x_axis_data": [11020.0, 17744.760000000002, 24469.52, 31194.28, 37919.04, 44643.8, 51368.56, 58093.32, 64818.08, 71542.84, 78267.6, 84992.36, 91717.12, 98441.88, 105166.64, 111891.40000000001, 118616.16, 125340.92, 132065.68, 138790.44, 145515.2, 152239.96, 158964.72, 165689.48, 172414.24], "bar_data": [1.7467248908296942, 0.6550218340611353, 2.8384279475982535, 3.4934497816593884, 5.240174672489083, 5.458515283842795, 4.8034934497816595, 5.676855895196507, 7.423580786026202, 5.458515283842795, 11.353711790393014, 11.353711790393014, 8.951965065502183, 9.170305676855897, 7.860262008733625, 3.2751091703056767, 2.1834061135371177, 1.5283842794759825, 0.6550218340611353, 0.0, 0.0, 0.21834061135371177, 0.0, 0.21834061135371177, 0.43668122270742354], "range_count": 25, "name": "SulfurGroupI", "h2": 129107.96280087528, "average": 82387.80306345734, "h1": 112185.70021881838, "l2": 49646.90371991247, "curve_data": [5.5310826909397e-07, 5.801945422263845e-07, 6.080321218918117e-07, 6.366107310952619e-07, 6.659188172962752e-07, 6.959436964634569e-07, 7.266717214171561e-07, 7.580884741328357e-07, 7.901789812310536e-07, 8.229279514046928e-07, 8.563200330380557e-07, 8.903400897648979e-07, 9.249734912037078e-07, 9.602064156097595e-07, 9.960261607064588e-07, 1.0324214585157111e-06, 1.06938278961073e-06, 1.1069026918772056e-06, 1.1449760586017706e-06, 1.1836004205210803e-06, 1.2227762063702858e-06, 1.2625069764742642e-06, 1.3027996240352075e-06, 1.343664538990041e-06, 1.3851157296427268e-06, 1.4271708977191188e-06, 1.4698514630423734e-06, 1.5131825346791022e-06, 1.5571928261517433e-06, 1.6019145131399083e-06, 1.6473830329889139e-06, 1.6936368262914602e-06, 1.7407170217908432e-06, 1.7886670668515513e-06, 1.8375323067353888e-06, 1.8873595168872679e-06, 1.938196393353134e-06, 1.9900910073024898e-06, 2.0430912303896425e-06, 2.09724413834273e-06, 2.1525954007011677e-06, 2.209188665016624e-06, 2.2670649440782736e-06, 2.3262620148125758e-06, 2.386813837435871e-06, 2.4487500032044523e-06, 2.512095218713916e-06, 2.5768688341543845e-06, 2.6430844222406956e-06, 2.7107494137208514e-06, 2.7798647944383966e-06, 2.8504248679049746e-06, 2.9224170862495424e-06, 2.995821951274591e-06, 3.0706129861917278e-06, 3.146756777454631e-06, 3.224213084981764e-06, 3.302935017988797e-06, 3.382869272654474e-06, 3.46395642694487e-06, 3.546131287137917e-06, 3.6293232799384032e-06, 3.713456883565805e-06, 3.7984520908410637e-06, 3.884224897099226e-06, 3.970687805712603e-06, 4.057750344120811e-06, 4.145319583522395e-06, 4.233300655776943e-06, 4.321597261582385e-06, 4.410112164613124e-06, 4.498747667010569e-06, 4.587406062388346e-06, 4.675990063326852e-06, 4.764403201163392e-06, 4.852550196711795e-06, 4.940337301346959e-06, 5.0276726086443895e-06, 5.1144663374532915e-06, 5.200631087887338e-06, 5.286082072226018e-06, 5.3707373231206e-06, 5.454517881784573e-06, 5.5373479690150655e-06, 5.6191551419390395e-06, 5.699870439308534e-06, 5.779428517990074e-06, 5.85776778301382e-06, 5.934830513180579e-06, 6.010562983784459e-06, 6.084915587512246e-06, 6.15784295404616e-06, 6.229304068343281e-06, 6.2992623870116035e-06, 6.367685951670071e-06, 6.434547497684407e-06, 6.499824556230385e-06, 6.563499547266738e-06, 6.625559860712894e-06, 6.685997922933993e-06, 6.744811245543958e-06, 6.802002453550999e-06, 6.857579289991055e-06, 6.911554594420343e-06, 6.96394625296451e-06, 7.014777118039782e-06, 7.064074896361516e-06, 7.111872004423832e-06, 7.158205391255741e-06, 7.203116328917876e-06, 7.246650171881753e-06, 7.288856087111784e-06, 7.329786757331447e-06, 7.369498060579601e-06, 7.40804872973523e-06, 7.4454999961922524e-06, 7.481915222286567e-06, 7.517359527403801e-06, 7.551899412918414e-06, 7.5856023912271985e-06, 7.61853662413775e-06, 7.650770575756468e-06, 7.682372684791123e-06, 7.713411060847779e-06, 7.74395320886611e-06, 7.774065785314513e-06, 7.803814389166394e-06, 7.833263390019397e-06, 7.862475795013267e-06, 7.891513155468616e-06, 7.920435513424635e-06, 7.949301387515801e-06, 7.978167796914534e-06, 8.007090321391965e-06, 8.036123194929908e-06, 8.065319429764616e-06, 8.094730967268055e-06, 8.124408851684129e-06, 8.154403422440595e-06, 8.184764520555009e-06, 8.215541704545599e-06, 8.246784471242677e-06, 8.278542476967904e-06, 8.310865754699459e-06, 8.343804923062346e-06, 8.377411383262838e-06, 8.411737500411055e-06, 8.44683676603517e-06, 8.482763938967352e-06, 8.519575162165271e-06, 8.557328053409195e-06, 8.59608176817106e-06, 8.635897033280741e-06, 8.676836150304638e-06, 8.718962967799657e-06, 8.762342821805672e-06, 8.80704244409205e-06, 8.85312983778098e-06, 8.900674120033552e-06, 8.949745331514946e-06, 9.000414212357136e-06, 9.052751944324812e-06, 9.10682985887358e-06, 9.16271911078261e-06, 9.220490317059354e-06, 9.28021316086613e-06, 9.341955960319425e-06, 9.405785202173525e-06, 9.471765040631182e-06, 9.539956761831863e-06, 9.610418214956919e-06, 9.683203211363918e-06, 9.758360893715188e-06, 9.835935077694804e-06, 9.915963569604207e-06, 9.998477463878057e-06, 1.0083500425351971e-05, 1.017104796192684e-05, 1.0261126694087024e-05, 1.0353733628523366e-05, 1.044885544385861e-05, 1.0546467797153436e-05, 1.0646534660457718e-05, 1.0749007697143388e-05, 1.0853825688091165e-05, 1.0960914017981739e-05, 1.107018423195101e-05, 1.1181533672691733e-05, 1.1294845207714698e-05, 1.140998705591707e-05, 1.1526812721841776e-05, 1.1645161045058475e-05, 1.176485637096062e-05, 1.1885708847970402e-05, 1.2007514854692327e-05, 1.2130057558979219e-05, 1.2253107609197363e-05, 1.2376423956229841e-05, 1.2499754802967879e-05, 1.2622838676244221e-05, 1.2745405614388767e-05, 1.2867178461871871e-05, 1.2987874260872751e-05, 1.3107205728101172e-05, 1.322488280383696e-05, 1.3340614258957725e-05, 1.3454109344723238e-05, 1.3565079469289606e-05, 1.3673239884354857e-05, 1.3778311364992838e-05, 1.3880021865625132e-05, 1.3978108135205797e-05, 1.4072317275049056e-05, 1.416240822330822e-05, 1.4248153150901032e-05, 1.4329338754659748e-05, 1.4405767434643532e-05, 1.4477258343868627e-05, 1.4543648300164143e-05, 1.4604792551426862e-05, 1.4660565387203618e-05, 1.4710860591248746e-05, 1.4755591731467108e-05, 1.4794692285431764e-05, 1.4828115601443622e-05, 1.4855834696851863e-05, 1.4877841897063833e-05, 1.4894148320319725e-05, 1.4904783214877937e-05, 1.4909793156734309e-05, 1.4909241117372678e-05, 1.490320541229936e-05, 1.489177854224865e-05, 1.4875065939942352e-05, 1.4853184636146412e-05, 1.4826261859478764e-05, 1.4794433584985345e-05, 1.4757843046910127e-05, 1.4716639231338036e-05, 1.4670975364484929e-05, 1.4621007412347347e-05, 1.4566892607204917e-05, 1.4508788016093092e-05, 1.4446849165834033e-05, 1.4381228738534622e-05, 1.431207535063488e-05, 1.4239532427625218e-05, 1.4163737185453699e-05, 1.4084819728423037e-05, 1.4002902272042805e-05, 1.3918098497866643e-05, 1.383051304581892e-05, 1.3740241147919964e-05, 1.3647368405663933e-05, 1.3551970711612204e-05, 1.3454114314053778e-05, 1.3353856021873619e-05, 1.3251243545082234e-05, 1.3146315964814853e-05, 1.3039104325029923e-05, 1.2929632336645128e-05, 1.2817917183465515e-05, 1.2703970418004182e-05, 1.2587798934189122e-05, 1.2469406003008316e-05, 1.2348792356384216e-05, 1.2225957304000972e-05, 1.2100899867444675e-05, 1.1973619915864466e-05, 1.1844119287425006e-05, 1.1712402881101836e-05, 1.15784797038635e-05, 1.1442363858987218e-05, 1.1304075462155082e-05, 1.1163641473064428e-05, 1.1021096431543176e-05, 1.0876483088569331e-05, 1.072985292413292e-05, 1.0581266545523672e-05, 1.043079396135481e-05, 1.0278514728413867e-05, 1.0124517970238935e-05, 9.968902268124584e-06, 9.811775427036925e-06, 9.653254120635407e-06, 9.493463421233032e-06, 9.332536222051155e-06, 9.170612560518037e-06, 9.007838852600918e-06, 8.844367049231214e-06, 8.680353726768754e-06, 8.515959124140816e-06, 8.35134613977805e-06, 8.186679301749809e-06, 8.022123724572312e-06, 7.85784406603212e-06, 7.694003497036891e-06, 7.530762696990863e-06, 7.368278886501055e-06, 7.206704908374035e-06,