{"blabli": {"detection": 0.0, "ranking": 38.17, "module": {"x_axis_data": [0.0, 0.3892, 0.7784, 1.1676, 1.5568, 1.946, 2.3352, 2.7244, 3.1136, 3.5027999999999997, 3.892, 4.2812, 4.6704, 5.0596, 5.4488, 5.838, 6.2272, 6.6164, 7.005599999999999, 7.3948, 7.784, 8.1732, 8.5624, 8.9516, 9.3408], "bar_data": [46.069868995633186, 0.8733624454148471, 0.21834061135371177, 0.43668122270742354, 0.8733624454148471, 0.8733624454148471, 0.0, 0.0, 0.8733624454148471, 0.0, 0.0, 0.0, 0.0, 0.0, 0.0, 0.0, 0.0, 0.21834061135371177, 0.0, 0.43668122270742354, 0.0, 0.0, 0.0, 0.0, 49.12663755458515], "range_count": 25, "name": "blabli", "h2": 1.1284245076586434, "average": 5.08855579868709, "h1": 0.596148796498906, "l2": 8.750612691466085, "curve_data": [1.264119961215747, 1.2785725353332227, 1.285895288935773, 1.2860261918125895, 1.279030357121158, 1.2650970357474878, 1.244532958828334, 1.2177523325198265, 1.185263922271464, 1.1476557729405832, 1.1055781909137794, 1.0597256617410722, 1.0108183904258943, 0.9595841322761923, 0.9067409328146052, 0.852981319985294, 0.7989583963323419, 0.7452741693138136, 0.6924703411521266, 0.6410216621964899, 0.5913318397656528, 0.5437318930832039, 0.49848075835462596, 0.4557678791658598, 0.41571746781720964, 0.37839409330633306, 0.3438092406721696, 0.3119284925938568, 0.28267900506150545, 0.2559569816679867, 0.23163489243002083, 0.20956822982202006, 0.18960164384917486, 0.1715743467641911, 0.15532472413828116, 0.14069413061629685, 0.12752988452133668, 0.11568750473646382, 0.10503225566001226, 0.09544008159497742, 0.08679802111589653, 0.07900419543637148, 0.07196746342912409, 0.0656068306765969, 0.059850691731898234, 0.05463597459589352, 0.04990724514179608, 0.04561581761091441, 0.041718906001610545, 0.0381788406784085, 0.03496236520074743, 0.032040020440181914, 0.029385616630829982, 0.0269757890888302, 0.024789629868613848, 0.022808385461572354, 0.02101520960920078, 0.01939496019790484, 0.01793402981896358, 0.016620200713047206, 0.015442516288215481, 0.014391163039859928, 0.01345735837324173, 0.0126332414243679, 0.011911765410268494, 0.011286591257784785, 0.010751983225564036, 0.010302707931132981, 0.009933938623697939, 0.009641166716864814, 0.00942012253744976, 0.009266706988985338, 0.009176935409982361, 0.009146894370767341, 0.009172711545234509, 0.009250538162890275, 0.009376542939218826, 0.009546915842937409, 0.009757879626216564, 0.010005706749959304, 0.010286739202643034, 0.010597408748404678, 0.010934255345840829, 0.011293941838342479, 0.011673263502459617, 0.012069151615074632, 0.012478670817538284, 0.012899010665531107, 0.013327472307115822, 0.013761451682155963, 0.014198420945938199, 0.014635909962218798, 0.015071489674073691, 0.015502758948905578, 0.015927336126652605, 0.016342856012271083, 0.016746972491254827, 0.017137366364626358, 0.017511757454741875, 0.017867919580514754, 0.018203696687871935, 0.018517018283892347, 0.018805912380726895, 0.01906851440944223, 0.019303070996835682, 0.019507938074623133, 0.019681573459678702, 0.01982252474475125, 0.019929414004359915, 0.02000092138392495, 0.020035770041841063, 0.020032715106737445, 0.019990539265277787, 0.019908057299555134, 0.01978413135934554, 0.019617698016509137, 0.019407807259050343, 0.019153672608087136, 0.01885473055899807, 0.018510706638121353, 0.018121684604674382, 0.017688174779969184, 0.01721117720261883, 0.016692235319243635, 0.01613347623246148, 0.015537634125573485, 0.01490805432814618, 0.01424867652149535, 0.013563996736432658, 0.01285900898750651, 0.012139128536053567, 0.011410099800466762, 0.010677892767892265, 0.009948592353598707, 0.00922828546735257, 0.008522950565409013, 0.007838354197937443, 0.00717995852995391, 0.006552843060961581, 0.0059616428493405515, 0.0054105045254732335, 0.004903060319847136, 0.004442419305275371, 0.004031174117121931, 0.003671420624530828, 0.0033647874202951933, 0.0031124716052759495, 0.0029152771795543557, 0.002773652417600771, 0.0026877228869258297, 0.002657317246229059, 0.002681983598250862, 0.002760994935844632, 0.002893343064150306, 0.0030777212617458406, 0.0033124968135257236, 0.0035956753635444485, 0.003924859756004565, 0.004297206620298106, 0.004709384380581922, 0.005157536607625149, 0.0056372546641710345, 0.006143563416870986, 0.006670923399158442, 0.0072132522209317, 0.007763967252926382, 0.008316050695859993, 0.008862137115176132, 0.009394622427338314, 0.00990579221473866, 0.010387966178582685, 0.010833654568696957, 0.011235721610143589, 0.011587550327681396, 0.011883202791064501, 0.012117569696351308, 0.012286503376757435, 0.012386928801933764, 0.012416927861793206, 0.012375793209392182, 0.01226404911176794, 0.012083438070846138, 0.011836873362500753, 0.011528359029531685, 0.011162880182033772, 0.01074626763846584, 0.010285041922820527, 0.00978624236951801, 0.009257247544523135, 0.00870559335177934, 0.00813879505870339, 0.007564179060349246, 0.006988729541305035, 0.006418954332457624, 0.005860773250752814, 0.0053194311137683414, 0.004799436498505353, 0.004304526224040398, 0.0038376545333695827, 0.003401005074917648, 0.0029960230719367777, 0.0026234645395334065, 0.0022834590732421288, 0.0019755825871775132, 0.0016989364107788988, 0.001452229339540844, 0.0012338595492304844, 0.0010419936935071614, 0.000874640978766316, 0.000729720515400839, 0.0006051207521158825, 0.0004987502841023453, 0.0004085797664297106, 0.000332675046108142, 0.000269221940574141, 0.00021654333277012653, 0.00017310942400999347, 0.00013754208973364837, 0.00010861432720423184, 8.52457772680501e-05, 6.6495254583183e-05, 5.155114256509801e-05, 3.9720410610055396e-05, 3.0416900929462724e-05, 2.314941828845391e-05, 1.7510044367935236e-05, 1.3162994134664675e-05, 9.834237831137323e-06, 7.302030991151099e-06, 5.388427122757469e-06, 3.951793337648384e-06, 2.8803075116056442e-06, 2.0863853201461104e-06, 1.501965201426345e-06, 1.0745673185790617e-06, 7.640372864105032e-07, 5.398852444043294e-07, 3.7913440571460943e-07, 2.6459928844908055e-07, 1.8352144580205488e-07, 1.2649886481427994e-07, 8.665369955133338e-08, 5.8991211965144366e-08, 3.991042443630592e-08, 2.6833870139298918e-08, 1.7929879626857304e-08, 1.1906050232576495e-08, 7.856941808794353e-09, 5.152690953631394e-09, 3.3582162887216182e-09, 2.175086674654436e-09, 1.4000296174571016e-09, 8.955508678772988e-10, 5.692930303763743e-10, 3.596464660648779e-10, 2.257959729878334e-10, 1.4088852950676446e-10, 8.73791910561076e-11, 5.388493687450443e-11, 3.3074334918721824e-11, 2.0263411531970532e-11, 1.2489759362331515e-11, 7.908850938607622e-12, 5.40713765412257e-12, 4.3620657705054045e-12, 4.5042891052877035e-12, 5.855584076681177e-12, 8.729933445855105e-12, 1.3797059729034863e-11, 2.2219182469698385e-11, 3.588468931157803e-11, 5.777861275488696e-11, 9.255147643146883e-11, 1.4737793331670518e-10, 2.3323814796358643e-10, 3.668125930550868e-10, 5.732606872839072e-10, 8.902630123603358e-10, 1.373855252115595e-09, 2.1067814292470336e-09, 3.210359148499177e-09, 4.861198084155868e-09, 7.314565743280732e-09, 1.0936775571324853e-08, 1.6249708437102478e-08, 2.3991497996192825e-08, 3.519854233405014e-08, 5.1315375715176536e-08, 7.434056721309522e-08, 1.0701872005635313e-07, 1.5309082432277853e-07, 2.1761764199704678e-07, 3.0739342346680036e-07, 4.314699756960869e-07, 6.018137839674543e-07, 8.341213334443696e-07, 1.14881972103699e-06, 1.5722807589149508e-06, 2.1382766436045105e-06, 2.889703427019749e-06, 3.880594451496493e-06, 5.1784390408242905e-06, 6.866811514888071e-06, 9.04830150417855e-06, 1.1847718172783558e-05, 1.5415518077150482e-05, 1.9931379004472195e-05, 2.5607810590688685e-05, 3.2693657564538194e-05, 4.147731432942663e-05, 5.2289432034563615e-05, 6.550486360182806e-05, 8.154356118967412e-05, 0.00010087011756502895, 0.00012399163141331576, 0.0001514535804671456, 0.00018383340907095867, 0.00022173158158432835, 0.0002657599222445774, 0.00031652715700336494, 0.0003746216931741625, 0.0004405918164327039, 0.0005149236477344473, 0.0005980173788576595, 0.0006901624862720067, 0.000791512798732904, 