{"chloramphenicols": {"detection": 1.62, "ranking": 53.01, "module": {"x_axis_data": [0.0, 3.4488, 6.8976, 10.3464, 13.7952, 17.244, 20.6928, 24.1416, 27.5904, 31.039199999999997, 34.488, 37.9368, 41.3856, 44.834399999999995, 48.2832, 51.732, 55.1808, 58.629599999999996, 62.078399999999995, 65.5272, 68.976, 72.42479999999999, 75.8736, 79.3224, 82.7712], "bar_data": [84.06113537117903, 4.148471615720524, 0.8733624454148471, 1.0917030567685588, 0.43668122270742354, 0.8733624454148471, 0.0, 0.0, 0.0, 0.0, 0.0, 0.0, 0.0, 0.0, 0.0, 0.21834061135371177, 0.0, 0.0, 0.0, 0.21834061135371177, 0.0, 0.21834061135371177, 0.0, 0.0, 7.860262008733625], "range_count": 25, "name": "chloramphenicols", "h2": 10.376586433260394, "average": 10.753916849015317, "h1": 5.659956236323851, "l2": 77.9187308533917, "curve_data": [0.13446249125085902, 0.1379490143682099, 0.14064217276016325, 0.14250288232124336, 0.14350848073680658, 0.1436532706828892, 0.14294848922776135, 0.1414217113208061, 0.13911572183321444, 0.13608691482689603, 0.13240329916178084, 0.12814220508715984, 0.1233877963443309, 0.11822849618606474, 0.11275443365780217, 0.10705500893906834, 0.1012166642982754, 0.09532093131342367, 0.0894428066628161, 0.0836494892673323, 0.0779994921125941, 0.07254212382370091, 0.06731731895097474, 0.06235578266343298, 0.05767940558996149, 0.05330189808654535, 0.04922959018568795, 0.04546234363268372, 0.04199452529603534, 0.038815996303120937, 0.035913077881855576, 0.033269462457916406, 0.030867046472285817, 0.028686669122586054, 0.026708748366915763, 0.02491381174438649, 0.023282924661172613, 0.02179802267396099, 0.020442156981646968, 0.01919966389897832, 0.018056269680320872, 0.016999141873460775, 0.01601689761492806, 0.015099578130543653, 0.014238597361629447, 0.013426671254410053, 0.012657732948532781, 0.011926837963787436, 0.011230062558891347, 0.010564397736847852, 0.009927640885427315, 0.009318286736814662, 0.008735419163504956, 0.008178605249419706, 0.007647793038693744, 0.007143214328701864, 0.006665293807360203, 0.006214565717681897, 0.005791599056842245, 0.005396932085263083, 0.005031016645027577, 0.004694172484271796, 0.004386551476695981, 0.004108111335462229, 0.003858598169263592, 0.0036375370322079496, 0.003444229489936496, 0.0032777571673720785, 0.003136990257376924, 0.003020600046863535, 0.002927074644660103, 0.0028547372567558267, 0.002801766530110652, 0.002766218656073916, 0.0027460510699059393, 0.0027391476881327937, 0.0027433456790171605, 0.0027564637571788403, 0.0027763319311367995, 0.0028008225179870913, 0.0028278820837229967, 0.002855563786434399, 0.00288205941145014, 0.0029057302124919954, 0.0029251355308324498, 0.002939058072960424, 0.0029465247004206584, 0.002946821632528726, 0.0029395030871621217, 0.0029243925843984325, 0.002901576404199019, 0.0028713890091779403, 0.0028343905990699764, 0.0027913373341704848, 0.0027431451286039185, 0.0026908482486285314, 0.0026355542356087404, 0.0025783968898776617, 0.002520489186446103, 0.0024628780370745664, 0.00240650276151676, 0.0023521589850911935, 0.0023004694467715896, 0.0022518628932336696, 0.0022065618655113793, 0.0021645797751941977, 0.002125727237807594, 0.0020896272046148643, 0.002055738032853891, 0.0020233832792585556, 0.0019917867109049245, 0.00196011081562887, 0.0019274969716723954, 0.001893105407961596, 0.0018561531522889466, 0.0018159483191567984, 0.001771919321703765, 0.001723637888307894, 0.0016708351061844112, 0.001613410081492808, 0.0015514311772232487, 0.0014851301460130134, 0.001414889796357644, 0.0013412261015840722, 0.0012647658693283334, 0.0011862212273161844, 0.0011063622457904113, 0.0010259890093246825, 0.0009459043765656127, 0.0008668885347780235, 0.0007896762787981891, 0.0007149377347698824, 0.0006432630222537743, 0.0005751511181415946, 0.0005110029653330779, 0.0004511186695501296, 0.00039569845777607133, 0.00034484693770459957, 0.00029858010252757183, 0.0002568344699297573, 0.0002194777264026599, 0.00018632026403082592, 0.00015712704132377154, 0.00013162926608336974, 0.00010953547990971489, 9.054171403716156e-05, 7.434047853814696e-05, 6.0628436146221376e-05, 4.911269369016212e-05, 3.951571521730641e-05, 3.15789193088114e-05, 2.5065067947693826e-05, 1.9759585654680186e-05, 1.5470966307733235e-05, 1.2030432546107134e-05, 9.291010748491538e-06, 7.126175276948638e-06, 5.4282010263461765e-06, 4.1063452328153935e-06, 3.0849596826838717e-06, 2.301614358386478e-06, 1.7052942873098312e-06, 1.2547137423013274e-06, 9.167765086149553e-07, 6.651979571669058e-07, 4.792942138368576e-07, 3.429356925968907e-07, 2.436564547063155e-07, 1.7190698314556332e-07, 1.2043570162957914e-07, 8.378359590189992e-08, 5.787630270267848e-08, 3.969874098025598e-08, 2.703853232314582e-08, 1.828589801759755e-08, 1.2279275950523258e-08, 8.18745850909095e-09, 5.420533866332442e-09, 3.563267502419503e-09, 2.3257612455894246e-09, 1.507263543060411e-09, 9.698794276371366e-10, 6.196522194026265e-10, 3.930766961830219e-10, 2.475728511670831e-10, 1.5481843385979054e-10, 9.612444279143791e-11, 5.92562524534774e-11, 3.62678205246336e-11, 2.2039081467694292e-11, 1.3296832010406441e-11, 7.964958358359696e-12, 4.736936039846809e-12, 2.7969733715791763e-12, 1.6396612200650714e-12, 9.543180714293905e-13, 5.514469110226956e-13, 3.163618995561431e-13, 1.8019094883845571e-13, 1.0189399316238501e-13, 5.720441384086688e-14, 3.1884119835284785e-14, 1.764338473877412e-14, 9.692831681998318e-15, 5.286638195695726e-15, 2.862647903711418e-15, 1.5389215889454232e-15, 8.213567835312264e-16, 4.3525444893241226e-16, 2.290701131188967e-16, 1.1985936166022757e-16, 6.261310070513956e-17, 3.3178187082339834e-17, 1.8858421547943446e-17, 1.3356158981037352e-17, 1.4210831867226453e-17, 2.177975360253445e-17, 3.93735991181658e-17, 7.459219538155594e-17, 1.4235266530708452e-16, 2.7071155197697115e-16, 5.115530539671048e-16, 9.598491070887145e-16, 1.7879829410790526e-15, 3.306369751362286e-15, 6.069625358280258e-15, 1.1060975680297663e-14, 2.000993763128785e-14, 3.5935086236456863e-14, 6.40637393606555e-14, 1.1337740402291826e-13, 1.9918717065757234e-13, 3.473896266885969e-13, 6.014409001438964e-13, 1.0336885362970481e-12, 1.7636283470166403e-12, 2.9870677334630618e-12, 5.022312125706926e-12, 8.382681354394725e-12, 1.388937953196981e-11, 2.284564173368431e-11, 3.730306419410804e-11, 6.046530982249143e-11, 9.729458872432495e-11, 1.5541456594517152e-10, 2.4644237314151346e-10, 3.8793563403693403e-10, 6.062120914479628e-10, 9.403946385059421e-10, 1.4481592527824216e-09, 2.2138242058288454e-09, 3.3596231802017085e-09, 5.061259857535465e-09, 7.569153825354243e-09, 1.1237162370933565e-08, 1.6561002025227264e-08, 2.422909504054985e-08, 3.5189119969121106e-08, 5.073413350661833e-08, 7.261272214411825e-08, 1.0316819159733452e-07, 1.4551224696499155e-07, 2.0373887569794019e-07, 2.831841178243711e-07, 3.9073697425974244e-07, 5.352057305318639e-07, 7.277423179286812e-07, 9.823248571210223e-07, 1.3162951070467443e-06, 1.7509430844749293e-06, 2.3121255922795026e-06, 3.0308988401002926e-06, 3.944137904257607e-06, 5.095107721824893e-06, 6.533942053029558e-06, 8.317978929738691e-06, 1.0511894230979903e-05, 1.3187570006694966e-05, 1.6423631909709477e-05, 2.0304591521357453e-05, 2.49195353469734e-05, 3.0360313550852848e-05, 3.6719198590071103e-05, 4.408600693872561e-05, 5.254470577079857e-05, 6.216955997330108e-05, 7.3020911811208e-05, 8.51407240200757e-05, 9.854805461308994e-05, 0.00011323466541639582, 0.00012916099323064044, 0.00014625272950425145, 0.00016439825871093918, 0.00018344719501711343, 0.00020321022989637968, 0.00022346045975382006, 0.00024393630325497475, 0.00026434604512499347, 0.00028437396019435554, 0.0003036878830609863, 0.00032194800042722934, 0.000338816560961317, 0.00035396812747454066, 0.0003670999438897484, 0.0003779419595488789, 0.00038626604912382417, 0.00039189398928131126, 0.00039470380289542294, 0.0003946341556037645, 0.00039168658361237173, 0.0003859254400566978, 0.0003774755629848216, 0.00036651778362688605, 0.00035328250154963766, 