{"polymyxins": {"detection": 0.91, "ranking": 40.21, "module": {"x_axis_data": [0.0, 14.953199999999999, 29.906399999999998, 44.8596, 59.812799999999996, 74.76599999999999, 89.7192, 104.6724, 119.62559999999999, 134.5788, 149.53199999999998, 164.4852, 179.4384, 194.39159999999998, 209.3448, 224.29799999999997, 239.25119999999998, 254.2044, 269.1576, 284.1108, 299.06399999999996, 314.0172, 328.9704, 343.92359999999996, 358.8768], "bar_data": [90.17467248908298, 1.3100436681222707, 1.9650655021834063, 0.8733624454148471, 0.21834061135371177, 0.43668122270742354, 0.0, 0.0, 0.0, 0.0, 0.21834061135371177, 0.0, 0.43668122270742354, 0.43668122270742354, 0.0, 0.0, 0.0, 0.0, 0.0, 0.0, 0.21834061135371177, 0.0, 0.0, 0.21834061135371177, 3.4934497816593884], "range_count": 25, "name": "polymyxins", "h2": 44.99048140043764, "average": 31.90234135667396, "h1": 23.722253829321662, "l2": 334.565579868709, "curve_data": [0.030946456434659438, 0.031326043769475065, 0.031548527794940946, 0.03161165604693803, 0.03151571612103982, 0.03126350982166501, 0.030860260094251166, 0.030313454659574954, 0.0296326325946764, 0.028829122117321797, 0.02791573943979339, 0.026906459696117217, 0.02581607157490401, 0.024659827396678227, 0.023453099977017413, 0.022211056758127252, 0.020948360436984868, 0.019678903750516518, 0.018415584291518294, 0.01717012332258468, 0.015952930627805763, 0.014773015585678282, 0.013637942942644664, 0.012553830281168923, 0.011525382958216911, 0.010555961369900146, 0.009647674787955657, 0.008801495708589723, 0.008017388633883609, 0.007294447438101675, 0.006631035914506176, 0.006024926705729559, 0.005473434543137586, 0.004973540509422276, 0.004522004848673764, 0.004115466639501212, 0.0037505293862526504, 0.003423832245428993, 0.003132107171205483, 0.002872222725325949, 0.0026412156491834368, 0.0024363115422566155, 0.0022549361386634157, 0.0020947187334382105, 0.0019534892956263863, 0.0018292707310382029, 0.0017202676383515731, 0.0016248527524227643, 0.0015415521011106275, 0.0014690297278779868, 0.0014060726611443597, 0.001351576649970785, 0.0013045330392402823, 0.0012640170292234547, 0.0012291774557703233, 0.0011992281384310415, 0.0011734407735767608, 0.0011511392962924869, 0.0011316955961991931, 0.0011145264459808595, 0.0010990914848124293, 0.0010848920898735828, 0.001071470965777657, 0.0010584122825247188, 0.0010453421963981702, 0.0010319295943570677, 0.0010178869105668608, 0.0010029708736594366, 0.0009869830551919828, 0.0009697701037309071, 0.0009512235651528376, 0.0009312792081649118, 0.000909915794580918, 0.0008871532562383152, 0.0008630502640922395, 0.0008377011992806606, 0.0008112325599758367, 0.0007837988606854212, 0.0007555781013811872, 0.0007267669015006767, 0.0006975754076908914, 0.000668222093526624, 0.000638928573949101, 0.0006099145567013405, 0.0005813930477197863, 0.0005535659176698416, 0.0005266199232055332, 0.0005007232598929389, 0.00047602270498966787, 0.0004526413884062415, 0.0004306772101720421, 0.000410201903504224, 0.0003912607249281972, 0.0003738727374567244, 0.0003580316400467616, 0.0003437070866641948, 0.000330846431346584, 0.000319376831535187, 0.0003092076403746029, 0.0003002330192666241, 0.0002923347042628861, 0.0002853848634145092, 0.0002792489865104213, 0.0002737887533273851, 0.00026886483126290834, 0.00026433955780420267, 0.00026007946758397683, 0.00025595762776985646, 0.0002518557492992194, 0.00024766604514280183, 0.00024329281053720735, 0.00023865370415916405, 0.00023368071369752125, 0.00022832079434430803, 0.00022253617444239517, 0.00021630432888509503, 0.00020961762776921402, 0.0002024826750824377, 0.00019491935961088203, 0.00018695964748057772, 0.00017864615246197598, 0.0001700305260264943, 0.00016117171382563035, 0.00015213412848869603, 0.00014298579019491223, 0.00013379648624489278, 0.00012463599880662614, 0.00011557244621276685, 0.0001066707778059018, 9.799145561809523e-05, 8.958934845071525e-05, 8.151285555820134e-05, 7.380326852710336e-05, 6.64943714711822e-05, 5.9612271702760975e-05, 5.317544591385959e-05, 4.719498087102636e-05, 4.1674982885919905e-05, 3.661312698164125e-05, 3.2001314765314833e-05, 2.7826409498340714e-05, 2.407101761881804e-05, 2.0714287853679415e-05, 1.7732701859266254e-05, 1.5100833822400943e-05, 1.2792060404476082e-05, 1.0779206588787995e-05, 9.035117183613205e-06, 7.533147754497552e-06, 6.247572456547706e-06, 5.15390949617046e-06, 4.2291676950212795e-06, 3.45201981712299e-06, 2.802909946878656e-06, 2.26410329321302e-06, 1.8196873881606314e-06, 1.4555338080392124e-06, 1.159229343167319e-06, 9.199850534667484e-07, 7.285309470072576e-07, 5.770031764429104e-07, 4.5882972611157854e-07, 3.6861961189034793e-07, 3.020596769724721e-07, 2.558221682517315e-07, 2.2748543761470721e-07, 2.1546933787152717e-07, 2.189861736802259e-07, 2.3800741658739005e-07, 2.732457888505126e-07, 3.2615174954605777e-07, 3.9892286521174367e-07, 4.945240047304101e-07, 6.167157572796118e-07, 7.700879317066154e-07, 9.600944615676756e-07, 1.193085526303823e-06, 1.47633222811483e-06, 1.8180387668366795e-06, 2.227336769737997e-06, 2.7142563036300498e-06, 3.289668170429809e-06, 3.965192411967687e-06, 4.753068569442569e-06, 5.665984193599278e-06, 6.7168594068969e-06, 7.918586984761078e-06, 9.283729433831619e-06, 1.0824176859897399e-05, 1.2550771968023924e-05, 1.4472911224477924e-05, 1.6598133908918496e-05, 1.893171334592927e-05, 2.1476266858432594e-05, 2.4231402752183138e-05, 2.719342374009067e-05, 3.035510647863323e-05, 3.370557617154047e-05, 3.7230293391485885e-05, 4.0911167322440986e-05, 4.472680553881203e-05, 4.865290528748913e-05, 5.2662785174782205e-05, 5.6728049405519684e-05, 6.0819369569266095e-05, 6.490736177050124e-05, 6.89635300509014e-05, 7.296124097106467e-05, 7.687668932406372e-05, 8.068981163538817e-05, 8.438510270086654e-05, 8.795229118433892e-05, 9.138683339605439e-05, 9.469018983605722e-05, 9.786985681638394e-05, 0.00010093913523631434, 0.00010391663000684999, 0.00010682548621296978, 0.00010969238127276192, 0.00011254630543581193, 0.00011541717525482623, 0.00011833433545947432, 0.00012132501329512452, 0.00012441279527740205, 0.00012761619899052755, 0.00013094741170831877, 0.00013441126310288746, 0.00013800449118118037, 0.00014171534910549513, 0.00014552358615557159, 0.00014940081939750116, 0.0001533112944078182, 0.00015721301454082301, 0.00016105919967174416, 0.0001648000180635053, 0.0001683845199213416, 0.0001717626891609888, 0.00017488752163071595, 0.00017771703402521868, 0.0001802161083291897, 0.00018235808191552482, 0.00018412600323963876, 0.00018551348701967806, 0.00018652512025252383, 0.00018717639057457382, 0.0001874931303696528, 0.000187510492586974, 0.00018727149634623365, 0.00018682520097314928, 0.00018622458509594305, 0.00018552422193540452, 0.00018477785220525538, 0.00018403596158418607, 0.00018334347024349013, 0.0001827376373849501, 0.00018224627438644586, 0.00018188634643235923, 0.0001816630251023346, 0.0001815692341642073, 0.00018158570875703977, 0.0001816815653314229, 0.0001818153572351253, 0.00018193656976046228, 0.00018198748978810096, 0.0001819053697193344, 0.00018162479385920707, 0.0001810801482641088, 0.0001802080925413042, 0.00017894993419215733, 0.00017725381260432562, 0.00017507661028745816, 0.00017238552279409504, 0.0001691592352073621, 0.00016538867124136938, 0.0001610772999659957, 0.000156241004007635, 0.00015090753090852218, 0.00014511556535575, 0.00013891347355071609, 0.00013235778157128194, 0.00012551145684972312, 0.00011844206570224372, 0.00011121988023614616, 0.0001039160051348739, 9.660058913415894e-05, 8.934117792948779e-05, 8.22012553570573e-05, 7.523900857764066e-05, 6.850634128795926e-05, 6.204814728726387e-05, 5.590184558450594e-05, 5.0097168111757505e-05, 4.465618238362509e-05, 3.959352437360943e-05, 3.491681161861823e-05, 3.0627203156025765e-05, 2.6720071288953444e-05, 2.3185750225476458e-05, 2.0010328139942495e-05, 1.7176451905644967e-05, 1.4664117366228178e-05, 1.2451422258209682e-05, 1.0515263487058244e-05, 8.831965135086528e-06, 7.377828115226162e-06, 6.129596595628515e-06,