{"CaffeineMetabolism": {"detection": 0, "ranking": 34.02, "module": {"x_axis_data": [0.0, 62.28, 124.56, 186.84, 249.12, 311.4, 373.68, 435.96000000000004, 498.24, 560.52, 622.8, 685.08, 747.36, 809.64, 871.9200000000001, 934.2, 996.48, 1058.76, 1121.04, 1183.32, 1245.6, 1307.88, 1370.16, 1432.44, 1494.72], "bar_data": [40.61135371179039, 3.4934497816593884, 1.0917030567685588, 0.6550218340611353, 0.8733624454148471, 0.6550218340611353, 0.0, 0.43668122270742354, 0.21834061135371177, 0.0, 0.0, 0.0, 0.0, 0.0, 0.0, 0.0, 0.0, 0.0, 0.21834061135371177, 0.0, 0.0, 0.0, 0.0, 0.0, 51.7467248908297], "range_count": 25, "name": "CaffeineMetabolism", "h2": 177.164113785558, "average": 851.7505470459519, "h1": 91.9890590809628, "l2": 1396.870897155361, "curve_data": [0.008746597727477207, 0.008876254107485477, 0.00893393449081878, 0.008919728797801167, 0.008835654697393986, 0.00868553091431768, 0.008474771800414466, 0.008210117470970496, 0.00789931738289231, 0.007550787317459923, 0.007173260228263296, 0.006775450379897965, 0.0063657478279713145, 0.005951956877642767, 0.005541088077659426, 0.005139208957084922, 0.004751354473645612, 0.004381494343916376, 0.004032551314989176, 0.003706462169042433, 0.0034042718837557478, 0.003126250871763131, 0.002872025488693774, 0.002640712879647248, 0.002431052550240027, 0.002241528619250225, 0.002070478369042611, 0.0019161843191938055, 0.0017769485051842766, 0.0016511488816768909, 0.0015372787566248416, 0.0014339708938356085, 0.0013400084132966356, 0.0012543248984038522, 0.0011759962205171992, 0.001104226547627328, 0.0010383308462064496, 0.0009777159403428287, 0.0009218618829586391, 0.0008703050403940102, 0.0008226239125147137, 0.0007784283239853085, 0.0007373522468145918, 0.0006990501680875693, 0.0006631966174636369, 0.0006294882319131605, 0.0005976475720099901, 0.0005674278216235957, 0.00053861750184353, 0.0005110444049272053, 0.0004845780935911786, 0.00045913049880971996, 0.000434654365915599, 0.0004111395233396849, 0.0003886071605580122, 0.000367102484021837, 0.00034668625829714845, 0.0003274258255592296, 0.00030938622654400755, 0.00029262202178788696, 0.00027717033973272484, 0.0002630455677520241, 0.0002502359653401601, 0.0002387023285431142, 0.00022837868392569692, 0.0002191748504817619, 0.0002109805884545201, 0.00020367096216569093, 0.0001971124841281529, 0.0001911695817705945, 0.0001857109354012771, 0.00018061527378028156, 0.00017577627725398653, 0.00017110632184934307, 0.0001665388941035745, 0.00016202960831122824, 0.00015755585788330853, 0.00015311522366725144, 0.00014872283831502496, 0.00014440796237491326, 0.00014021006164649993, 0.00013617468528857876, 0.00013234943098107304, 0.00012878024975950458, 0.00012550829321094105, 0.000122567444959231, 0.00011998261280818349, 0.0001177687935874389, 0.00011593086508380214, 0.00011446401273575942, 0.00011335466580786029, 0.00011258179964410824, 0.00011211845677215386, 0.00011193334812732765, 0.00011199241351383467, 0.00011226024414273551, 0.00011270129622841719, 0.00011328085022399123, 0.00011396569320131407, 0.00011472452100505391, 0.00011552807198601988, 0.00011634901598733481, 0.00011716163192104504, 0.00011794131590982521, 0.00011866397045430825, 0.00011930533370401226, 0.00011984031619890986, 0.0001202424192291298, 0.00012048331252525188, 0.00012053264744005272, 0.00012035817343093372, 0.0001199262094509027, 0.00011920249773068654, 0.00011815343648613969, 0.00011674765260152784, 0.00011495783860657084, 0.00011276274419752462, 0.00011014918519344671, 0.00010711391578741193, 0.0001036652059220628, 9.982397590801904e-05, 9.562436474566838e-05, 9.111364513858161e-05, 8.635144363595348e-05, 8.140827444218282e-05, 7.636344542947947e-05, 7.130244011884677e-05, 6.631391582365052e-05, 6.148648281887245e-05, 5.690544070159418e-05, 5.2649645882150115e-05, 4.878866957631954e-05, 4.538038103363876e-05, 4.2469059035560514e-05, 4.0084099235313696e-05, 3.82393488933233e-05, 3.693306675013671e-05, 3.614847625543568e-05, 3.58548564244089e-05, 3.600909671971254e-05, 3.655763037524227e-05, 3.7438653801785134e-05, 3.8584537171610905e-05, 3.992433192246909e-05, 4.138628381274782e-05, 4.29002645982202e-05, 4.440004099131435e-05, 4.582530621931953e-05, 4.712340738872561e-05, 4.825071132376468e-05, 4.917356296024585e-05, 4.986880404626248e-05, 5.03238359433912e-05, 5.0536228567489634e-05, 5.051289745048885e-05, 5.0268891684351214e-05, 4.982585594574506e-05, 4.9210248472803474e-05, 4.845141222901683e-05, 4.7579607029148186e-05, 4.662411480378743e-05, 4.56115274998512e-05, 4.456431693298252e-05, 4.34997684346157e-05, 4.242933626235446e-05, 4.135845001554086e-05, 4.0286769823008833e-05, 3.9208856333963796e-05, 3.8115192183664704e-05, 3.6993467147581106e-05, 3.583002178504436e-05, 3.461133553361988e-05, 3.332544568468804e-05, 3.196319330450207e-05, 3.051920994722281e-05, 2.8992583157685044e-05, 2.7387166933607485e-05, 2.5711532848945074e-05, 2.3978585745495483e-05, 2.2204892346883522e-05, 2.040978990161931e-05, 1.861435375356602e-05, 1.6840307060735425e-05, 1.5108952985255073e-05, 1.3440200477350854e-05, 1.1851740709471988e-05, 1.0358414037502447e-05, 8.971788934155515e-06, 7.699956417928242e-06, 6.547527586344189e-06, 5.515809066638192e-06, 4.603122186081177e-06, 3.8052266525740356e-06, 3.1158083333394306e-06, 2.526992811984836e-06, 2.0298510597170247e-06, 1.6148699346158317e-06, 1.2723674777180128e-06, 9.928403395479752e-07, 7.672375185109216e-07, 5.871604692667323e-07, 4.449942725863417e-07, 3.3397784537636405e-07, 2.4822314962566043e-07, 1.8269417698387897e-07, 1.331563537647189e-07, 9.610617244093502e-08, 6.868955341074857e-08, 4.861589545686298e-08, 3.407316793965306e-08, 2.3647870982229645e-08, 1.6252335288915795e-08, 1.1060703390725463e-08, 7.454047656132444e-09, 4.974430312534713e-09, 3.287272675459973e-09, 2.151140683103466e-09, 1.3939339337625773e-09, 8.944488505514241e-10, 5.683403316845877e-10, 3.5760273991955755e-10, 2.228088212654389e-10, 1.3746841523624181e-10, 8.398704852205411e-11, 5.081131465325991e-11, 3.04401755289984e-11, 1.8058113918919615e-11, 1.0608062274329731e-11, 6.170752129362669e-12, 3.5544994798671856e-12, 2.0274823027851214e-12, 1.1451804149133588e-12, 6.405144621410104e-13, 3.547497735067036e-13, 1.9455995058161071e-13, 1.0566298616054465e-13, 5.68238176004499e-14, 3.0260494050252025e-14, 1.5957310190096338e-14, 8.332616907364371e-15, 4.3086497315939246e-15, 2.206170140484052e-15, 1.1186000802509334e-15, 5.61627953787699e-16, 2.792290547556405e-16, 1.3747081689947332e-16, 6.701907570819791e-17, 3.235373060042607e-17, 1.5466366732577588e-17, 7.321334483017277e-18, 3.431865018196264e-18, 1.5929720418996609e-18, 7.3219057308677665e-19, 3.3325620345316404e-19, 1.5020040266370668e-19, 6.703571354242961e-20, 2.962811363429269e-20, 1.2971231981256618e-20, 5.6338847301992315e-21, 2.449028508399526e-21, 1.117329178421464e-21, 6.554811304294513e-22, 7.167990078275368e-22, 1.3475488102166134e-21, 3.0196391133151927e-21, 6.961172891038232e-21, 1.600030225435062e-20, 3.646142749425681e-20, 8.229397458467885e-20, 1.8393154781567895e-19, 4.0708505697083203e-19, 8.921801765945312e-19, 1.9362349506551958e-18, 4.161036730770963e-18, 8.85488734034447e-18, 1.8659608392851376e-17, 3.893677736192057e-17, 8.045545155402588e-17, 1.6462240544864791e-16, 3.3354958432797604e-16, 6.692214585314817e-16, 1.3295886721949116e-15, 2.615789236857165e-15, 5.095962041911885e-15, 9.83077178292627e-15, 1.8779630281371268e-14, 3.5524212194144634e-14, 6.654261548232203e-14, 1.2342788076088279e-13, 2.2670686504614705e-13, 4.1233866878962654e-13, 7.426453248735206e-13, 1.324484353397017e-12, 2.339107636764154e-12, 4.090642963222614e-12, 7.083875792429592e-12, 1.2147538774349888e-11, 2.0627359805577784e-11, 3.4684623777532925e-11, 5.7752172492355705e-11, 9.522207864894949e-11, 1.554694217494528e-10, 2.513566055029836e-10, 4.024144953649374e-10, 6.379621650470994e-10, 1.001507542322456e-09, 1.5568670214287992e-09, 2.396551731523564e-09, 3.653087634499344e-09, 5.5140584733351516e-09, 8.241772789100973e-09, 