{"Chitosan": {"detection": 80795.0, "ranking": 7.54, "module": {"x_axis_data": [60512.5, 65004.979999999996, 69497.45999999999, 73989.94, 78482.42, 82974.9, 87467.38, 91959.86, 96452.34, 100944.81999999999, 105437.29999999999, 109929.78, 114422.26, 118914.73999999999, 123407.22, 127899.7, 132392.18, 136884.65999999997, 141377.13999999998, 145869.62, 150362.09999999998, 154854.58, 159347.06, 163839.53999999998, 168332.02], "bar_data": [1.5283842794759825, 1.3100436681222707, 1.7467248908296942, 3.9301310043668125, 3.711790393013101, 6.331877729257641, 4.148471615720524, 8.296943231441048, 8.078602620087336, 13.973799126637553, 11.135371179039302, 10.91703056768559, 9.606986899563319, 5.676855895196507, 3.9301310043668125, 2.1834061135371177, 1.0917030567685588, 0.8733624454148471, 0.21834061135371177, 0.43668122270742354, 0.0, 0.0, 0.43668122270742354, 0.0, 0.43668122270742354], "range_count": 25, "name": "Chitosan", "h2": 135469.0864332604, "average": 105732.21115973742, "h1": 122935.36214442013, "l2": 83859.63347921225, "curve_data": [9.427895164536067e-07, 9.881224399210883e-07, 1.0342818435756744e-06, 1.0812062420636813e-06, 1.1288324546482065e-06, 1.1770962086116742e-06, 1.2259327816053785e-06, 1.2752776775203348e-06, 1.3250673297457206e-06, 1.3752398250209877e-06, 1.4257356404874159e-06, 1.4764983860167232e-06, 1.5274755434493267e-06, 1.5786191940234992e-06, 1.6298867250280254e-06, 1.681241506573089e-06, 1.73265352935316e-06, 1.7840999943767676e-06, 1.8355658458638691e-06, 1.8870442388637636e-06, 1.9385369336242974e-06, 1.9900546093442797e-06, 2.041617090661316e-06, 2.093253481060737e-06, 2.1450021983303186e-06, 2.1969109082208895e-06, 2.2490363535938095e-06, 2.301444077530917e-06, 2.3542080401372314e-06, 2.4074101300672355e-06, 2.4611395731368317e-06, 2.515492241728279e-06, 2.570569870038685e-06, 2.626479181545744e-06, 2.683330936350598e-06, 2.7412389072883896e-06, 2.8003187948550813e-06, 2.8606870920664516e-06, 2.922459911324468e-06, 2.985751786201176e-06, 3.0506744617441984e-06, 3.1173356874466927e-06, 3.185838027393648e-06, 3.256277702284116e-06, 3.328743478024569e-06, 3.4033156153836666e-06, 3.480064894787452e-06, 3.5590517297124615e-06, 3.640325381302481e-06, 3.7239232857943095e-06, 3.809870505095836e-06, 3.8981793094243224e-06, 3.988848899297316e-06, 4.081865272390356e-06, 4.177201238853418e-06, 4.274816586637448e-06, 4.374658396249305e-06, 4.47666150215956e-06, 4.580749095865155e-06, 4.686833463395213e-06, 4.7948168478791e-06, 4.904592425712293e-06, 5.016045382895668e-06, 5.129054076328266e-06, 5.243491263240892e-06, 5.359225380604759e-06, 5.4761218552715504e-06, 5.594044424828529e-06, 5.712856448713194e-06, 5.832422189047838e-06, 5.952608040941404e-06, 6.073283692675178e-06, 6.194323197241923e-06, 6.31560593814176e-06, 6.437017474139107e-06, 6.558450249834009e-06, 6.67980416136936e-06, 6.800986969346639e-06, 6.921914554013321e-06, 7.042511010964231e-06, 7.162708588908331e-06, 7.282447474430519e-06, 7.401675432055459e-06, 7.5203473112276765e-06, 7.638424434985034e-06, 7.755873888048611e-06, 7.872667724707217e-06, 7.988782119170224e-06, 8.104196482932164e-06, 8.218892575077553e-06, 8.332853632302039e-06, 8.446063545696423e-06, 8.558506110999334e-06, 8.670164378056117e-06, 8.781020123619277e-06, 8.8910534693985e-06, 9.000242664441145e-06, 9.108564047534873e-06, 9.215992201428029e-06, 9.32250030632965e-06, 9.428060695461124e-06, 9.532645610482399e-06, 9.636228149510828e-06, 9.738783395307104e-06, 9.84028970613908e-06, 9.940730146975241e-06, 1.004009403413042e-05, 1.0138378562408251e-05, 1.0235590480273263e-05, 1.0331747775749441e-05, 1.042688133367249e-05, 1.052103652370243e-05, 1.061427467818892e-05, 1.0706674419616794e-05, 1.0798332798959174e-05, 1.0889366208825317e-05, 1.0979911038778298e-05, 1.107012404455808e-05, 1.1160182408098117e-05, 1.1250283471066496e-05, 1.1340644131067935e-05, 1.1431499896473508e-05, 1.1523103602936974e-05, 1.1615723801844596e-05, 1.170964283805179e-05, 1.1805154641104909e-05, 1.1902562260555213e-05, 1.2002175181772688e-05, 1.2104306463706656e-05, 1.220926974417252e-05, 1.23173761613571e-05, 1.2428931242227835e-05, 1.2544231809345535e-05, 1.266356295717526e-05, 1.2787195147367536e-05, 1.2915381469672147e-05, 1.3048355111212804e-05, 1.3186327071890417e-05, 1.3329484157819949e-05, 1.347798727809562e-05, 1.3631970062993466e-05, 1.3791537814155212e-05, 1.395676678955753e-05, 1.4127703818369188e-05, 1.4304366233348702e-05, 1.4486742101445465e-05, 1.4674790726935107e-05, 1.4868443395922011e-05, 1.5067604326536553e-05, 1.5272151785768635e-05, 1.5481939331708028e-05, 1.5696797139066147e-05, 1.5916533366257405e-05, 1.614093552400375e-05, 1.6369771808339833e-05, 1.6602792364947426e-05, 1.6839730456809537e-05, 1.7080303513087824e-05, 1.7324214043711787e-05, 1.757115041121016e-05, 1.782078745860264e-05, 1.807278699946442e-05, 1.832679818335043e-05, 1.8582457756389454e-05, 1.8839390242820077e-05, 1.9097208078336445e-05, 1.9355511730181115e-05, 1.9613889841810012e-05, 1.9871919441566238e-05, 2.0129166255055224e-05, 2.038518515979105e-05, 2.0639520818192342e-05, 2.0891708521198773e-05, 2.114127526975065e-05, 2.1387741115254056e-05, 2.16306207731046e-05, 2.1869425515560274e-05, 2.2103665341950037e-05, 2.233285141561423e-05, 2.2556498748339553e-05, 2.2774129104618302e-05, 2.2985274090074057e-05, 2.3189478381085156e-05, 2.338630304621403e-05, 2.3575328904711016e-05, 2.3756159863262863e-05, 2.3928426169431252e-05, 2.4091787518963703e-05, 2.4245935954418294e-05, 2.4390598494328056e-05, 2.452553943542531e-05, 2.465056227517111e-05, 2.476551120789962e-05, 2.487027215514129e-05, 2.4964773298973694e-05, 2.5048985096364373e-05, 2.5122919762206692e-05, 2.5186630218874956e-05, 2.5240208520407652e-05, 2.528378376962462e-05, 2.5317519556363733e-05, 2.5341610954360376e-05, 2.5356281122880148e-05, 2.536177756686224e-05, 2.5358368115878532e-05, 2.5346336687520228e-05, 2.532597890479278e-05, 2.5297597639657318e-05, 2.526149855596243e-05, 2.5217985724670602e-05, 2.5167357382518434e-05, 2.5109901902130263e-05, 2.5045894037216256e-05, 2.4975591500950288e-05, 2.489923192907561e-05, 2.4817030271889944e-05, 2.472917665118553e-05, 2.463583470964627e-05, 2.4537140471319126e-05, 2.4433201722767618e-05, 2.4324097915561062e-05, 2.4209880582029015e-05, 2.409057424787481e-05, 2.3966177817443225e-05, 2.383666640029745e-05, 2.370199354139052e-05, 2.356209381159925e-05, 2.3416885710784857e-05, 2.3266274831899037e-05, 2.3110157231979427e-05, 2.2948422954175638e-05, 2.2780959644193438e-05, 2.2607656204697384e-05, 2.242840643222548e-05, 2.224311258296708e-05, 2.205168881626903e-05, 2.1854064467880586e-05, 2.1650187108635505e-05, 2.1440025348417597e-05, 2.1223571349771605e-05, 2.1000843020323673e-05, 2.0771885858184003e-05, 2.0536774429644698e-05, 2.0295613463688785e-05, 2.00485385530366e-05, 1.9795716456611824e-05, 1.9537345003371337e-05, 1.9273652602366017e-05, 1.9004897368648224e-05, 1.873136587918714e-05, 1.8453371577261003e-05, 1.817125284784905e-05, 1.788537079030878e-05, 1.7596106718080803e-05, 1.7303859418282945e-05, 1.7009042206811745e-05, 1.6712079816938556e-05, 1.6413405161334946e-05, 1.6113456008965373e-05, 1.5812671619311517e-05, 1.551148937691467e-05, 1.5210341469220565e-05, 1.4909651650156039e-05, 1.4609832130752716e-05, 1.4311280636442833e-05, 1.401437766839285e-05, 1.3719484003416271e-05, 1.3426938463641733e-05, 1.3137055983234175e-05, 1.2850125995122493e-05, 1.256641115592888e-05, 1.2286146422190655e-05, 1.2009538485593702e-05, 1.1736765569381346e-05, 1.1467977582463105e-05, 1.1203296622119612e-05, 1.0942817810693617e-05, 1.0686610446373937e-05, 1.0434719443225618e-05, 1.018716703109773e-05, 9.943954682040293e-06, 9.70506522647243e-06, 9.470465119634533e-06, 9.240106816888762e-06, 9.013931215248158e-06, 8.791870118138945e-06, 8.573848680845956e-06, 8.359787795342513e-06, 8.149606375240417e-06, 7.943223504362113e-06, 7.740560415878172e-06, 7.541542272984868e-06, 7.346099726634876e-06, 7.154170230770881e-06, 6.965699100739415e-06, 