{"macrolides": {"detection": 281.27, "ranking": 95.3, "module": {"x_axis_data": [4.04, 40.13, 76.22000000000001, 112.31000000000002, 148.4, 184.49, 220.58, 256.67, 292.76000000000005, 328.8500000000001, 364.94000000000005, 401.03000000000003, 437.12000000000006, 473.2100000000001, 509.30000000000007, 545.39, 581.48, 617.57, 653.6600000000001, 689.75, 725.84, 761.9300000000001, 798.02, 834.11, 870.2], "bar_data": [30.567685589519648, 20.74235807860262, 15.065502183406112, 12.445414847161572, 8.73362445414847, 5.240174672489083, 4.148471615720524, 0.6550218340611353, 0.8733624454148471, 0.21834061135371177, 0.6550218340611353, 0.0, 0.21834061135371177, 0.0, 0.0, 0.0, 0.0, 0.0, 0.0, 0.0, 0.0, 0.0, 0.0, 0.21834061135371177, 0.21834061135371177], "range_count": 25, "name": "macrolides", "h2": 568.6866083150984, "average": 114.6001750547046, "h1": 323.8747921225383, "l2": 758.2183369803063, "curve_data": [0.0014369691981702102, 0.0015660011693657805, 0.0017005856694340205, 0.0018403322329745132, 0.001984790782763559, 0.002133454975784314, 0.0022857663938677555, 0.0024411195152431076, 0.0025988673953736548, 0.002758327980002712, 0.002918790969708147, 0.0030795251526648235, 0.0032397861198841618, 0.0033988242741248803, 0.003555893039283035, 0.003710257170952269, 0.00386120106089578, 0.004008036918660119, 0.00415011270313723, 0.0042868196665507815, 0.004417599364398488, 0.004541949978801673, 0.004659431801028188, 0.0047696717231001644, 0.004872366599558705, 0.0049672853594225986, 0.005054269775420418, 0.005133233832365285, 0.005204161678111337, 0.005267104187287845, 0.005322174217802738, 0.005369540690362333, 0.005409421669118756, 0.005442076664109488, 0.005467798410616075, 0.0054869044045148295, 0.0054997284842415815, 0.0055066127479743735, 0.005507900078694978, 0.00550392752043579, 0.005495020707622083, 0.005481489498129306, 0.005463624902285276, 0.005441697337812152, 0.005415956178118861, 0.00538663050192115, 0.005353930899151882, 0.005318052144343418, 0.005279176516299325, 0.005237477523335943, 0.005193123787233317, 0.005146282846000937, 0.0050971246545432215, 0.005045824591514644, 0.004992565817759548, 0.004937540874067756, 0.004880952450738767, 0.004823013305906479, 0.004763945351271223, 0.004703977960784699, 0.00464334558844871, 0.004582284804838595, 0.00452103087798177, 0.0044598140331086325, 0.004398855528320211, 0.004338363680497231, 0.004278529969109802, 0.004219525336309114, 0.004161496791005018, 0.004104564413527091, 0.004048818846573316, 0.003994319347737267, 0.003941092468872737, 0.0038891314174878083, 0.003838396144617682, 0.003788814191460817, 0.003740282312760679, 0.0036926688779263237, 0.0036458170309470314, 0.0035995485673842704, 0.0035536684616623163, 0.003507969951502745, 0.003462240060017452, 0.003416265411343458, 0.0033698381745817223, 0.003322761955004981, 0.0032748574426673875, 0.0032259676279865245, 0.003175962402396673, 0.0031247423800210335, 0.0030722418030545663, 0.0030184304281043162, 0.002963314331407949, 0.0029069356154499248, 0.0028493710454740463, 0.0027907296890453378, 0.002731149672475036, 0.0026707942021674635, 0.0026098470247809193, 0.002548507516100408, 0.0024869855939660935, 0.0024254966454855128, 0.0023642566438004083, 0.0023034776062496216, 0.0022433635157734703, 0.002184106793120605, 0.0021258853713174686, 0.002068860388416711, 0.002013174482045219, 0.001958950641673683, 0.0019062915533065601, 0.0018552793573714213, 0.0018059757343077837, 0.00175842223347935, 0.0017126407687985115, 0.0016686342176632767, 0.0016263870769525994, 0.0015858661492068433, 0.0015470212519825808, 0.0015097859620351024, 0.0014740784219514085, 0.0014398022489090876, 0.001406847592486661, 0.0013750923903875644, 0.0013444038674358825, 0.0013146403145002476, 0.001285653170683423, 0.0012572894150460886, 0.001229394254406546, 0.0012018140726236888, 0.0011743995855621608, 0.0011470091260022883, 0.001119511965379332, 0.0010917915655786483, 0.0010637486450510438, 0.0010353039399867542, 0.0010064005436593408, 0.0009770057154800218, 0.0009471120656252098, 0.0009167380408326122, 0.0008859276613185212, 0.0008547494866961626, 0.0008232948189969854, 0.0007916751819807687, 0.0007600191463499556, 0.0007284685987389445, 0.0006971745769902946, 0.0006662928139777654, 0.0006359791460444151, 0.0006063849492400413, 0.0005776527665505237, 0.0005499122821587005, 0.0005232767847741938, 0.0004978402418783677, 0.0004736750813212547, 0.0004508307473075383, 0.00042933306583423775, 0.0004091844216202864, 0.00039036471605337705, 0.00037283304517478154, 0.00035653000960145134, 0.00034138054572199007, 0.0003272971504217002, 0.00031418336062091626, 0.0003019373443620651, 0.000290455462041863, 0.00027963566432970196, 0.0002693806067278239, 0.0002596003787527582, 0.0002502147672953929, 0.0002411549976601273, 0.00023236492083593833, 0.0002238016404595008, 0.00021543559650606312, 0.00020725014392993242, 0.0001992406823963046, 0.00019141340724431401, 0.00018378376148964285, 0.00017637467386472382, 0.00016921466871016504, 0.0001623359303112707, 0.0001557723975574618, 0.0001495579552846131, 0.00014372477713846637, 0.00013830186211509114, 0.00013331379392502298, 0.00012877973976072602, 0.00012471269358269095, 0.00012111895919369442, 0.00011799786049219181, 0.0001153416605566307, 0.00011313566761233964, 0.00011135850431530013, 0.00010998251686712192, 0.00010897430187304997, 0.00010829533113461936, 0.00010790265728065339, 0.0001077496858584074, 0.0001077870018620209, 0.0001079632403834098, 0.00010822599194868239, 0.0001085227330788972, 0.00010880177172448395, 0.0001090131956041361, 0.00010910980934928541, 0.00010904804399075847, 0.00010878882003303336, 0.00010829834345572146, 0.0001075488127504871, 0.00010651901478657443, 0.00010519478807509701, 0.00010356933396709567, 0.00010164335948219477, 9.942503974561568e-05, 9.692979325271809e-05, 9.417986915447138e-05, 9.12037521839053e-05, 8.803539740869484e-05, 8.47133133718616e-05, 8.127951805224172e-05, 7.777839714695062e-05, 7.425549820093629e-05, 7.075629689113671e-05, 6.732497318632705e-05, 6.400323508819544e-05, 6.0829226222106826e-05, 5.783655075857303e-05, 5.5053445136216485e-05, 5.2502120998501535e-05, 5.019829786040822e-05, 4.8150937523283444e-05, 4.63621854062731e-05, 4.4827517015105413e-05, 4.353608097295489e-05, 4.247122363072665e-05, 4.161117447363172e-05, 4.0929866541409036e-05, 4.039786204605664e-05, 3.998335043536202e-05, 3.965318440779611e-05, 3.9373918888977146e-05, 3.911281874315916e-05, 3.8838802980936066e-05, 3.852329635627327e-05, 3.814096339635769e-05, 3.767030490831044e-05, 3.7094102651789136e-05, 3.6399703920302556e-05, 3.557914398099445e-05, 3.462911041874776e-05, 3.355075915646676e-05, 3.234939703829434e-05, 3.103405015657321e-05, 2.96169404096902e-05, 2.811289498176981e-05, 2.6538714479922463e-05, 2.4912525354457875e-05, 2.3253141025396394e-05, 2.1579453961963264e-05, 1.990987797308843e-05, 1.826185636281526e-05, 1.6651447602359433e-05, 1.5092995994703444e-05, 1.3598890675618894e-05, 1.217941240523519e-05, 1.084266412544891e-05, 9.594578322051074e-06, 8.43899192594531e-06, 7.377777861356168e-06, 6.411021404698261e-06, 5.537229222247236e-06, 4.753559242786149e-06, 4.056060303869073e-06, 3.4399116823865186e-06, 2.8996540694725123e-06, 2.429405164513476e-06, 2.0230547381582513e-06, 1.6744356571457181e-06, 1.3774688978343297e-06, 1.1262819420601248e-06, 9.153011086326425e-07, 7.393193047040462e-07, 5.935413779786065e-07, 4.7360972157265013e-07, 3.7561304735820484e-07, 2.960813275375989e-07, 2.3196983930892494e-07, 1.806350669468451e-07, 1.3980495210536697e-07, 1.0754566699835027e-07, 8.222674305641188e-08, 6.248604200579033e-08, 4.719572461535155e-08, 3.543006743938996e-08, 2.643570817999329e-08, 1.960467037572106e-08, 1.4450329356358412e-08, 1.0586332638621834e-08, 7.708376202401382e-09, 5.578659214445168e-09, 4.012788940593386e-09, 2.8688797896532643e-09, 2.038580780850969e-09, 1.439769721413579e-09, 1.0106660526556017e-09, 7.051343135200673e-10, 4.889737497554422e-10, 3.370146373732727e-10, 2.308668107246276e-10,