{"cephalosporins": {"detection": 180.28, "ranking": 93.59, "module": {"x_axis_data": [0.25, 18.5256, 36.8012, 55.076800000000006, 73.3524, 91.628, 109.90360000000001, 128.1792, 146.4548, 164.7304, 183.006, 201.2816, 219.55720000000002, 237.83280000000002, 256.1084, 274.384, 292.6596, 310.9352, 329.2108, 347.4864, 365.762, 384.0376, 402.3132, 420.5888, 438.86440000000005], "bar_data": [45.851528384279476, 13.755458515283841, 9.388646288209607, 9.170305676855897, 4.148471615720524, 2.6200873362445414, 4.8034934497816595, 1.7467248908296942, 2.8384279475982535, 1.7467248908296942, 1.3100436681222707, 0.21834061135371177, 0.6550218340611353, 0.6550218340611353, 0.0, 0.0, 0.21834061135371177, 0.0, 0.21834061135371177, 0.0, 0.21834061135371177, 0.0, 0.0, 0.0, 0.43668122270742354], "range_count": 25, "name": "cephalosporins", "h2": 236.19319474835885, "average": 59.23579868708971, "h1": 129.21894967177244, "l2": 372.16045951859957, "curve_data": [0.0068252281288284705, 0.007061885386197036, 0.007292234851611951, 0.007515367989976431, 0.007730420349548177, 0.007936579454496552, 0.008133092047425714, 0.008319270575661912, 0.008494498828952557, 0.008658236651920802, 0.008810023671796022, 0.008949482000184618, 0.009076317886529324, 0.009190322319981488, 0.009291370595234997, 0.009379420876011135, 0.009454511806931671, 0.009516759240101492, 0.009566352156512995, 0.00960354787411018, 0.009628666643793027, 0.009642085741654852, 0.009644233170240038, 0.009635581083571477, 0.009616639050171322, 0.009587947265399261, 0.009550069819321001, 0.009503588119216753, 0.00944909455700155, 0.009387186501550213, 0.0093184606845159, 0.00924350803603397, 0.009162909014049226, 0.00907722945822593, 0.008987016986815461, 0.008892797942763434, 0.0087950748840055, 0.008694324602563246, 0.008590996647904709, 0.008485512322229459, 0.008378264108986065, 0.008269615491090664, 0.008159901112008948, 0.008049427231064334, 0.007938472423976597, 0.007827288480617693, 0.007716101454160232, 0.00760511281903108, 0.007494500699187639, 0.0073844211330142484, 0.007275009346389444, 0.007166381010998179, 0.007058633470559192, 0.006951846923117158, 0.006846085552740356, 0.006741398608712963, 0.006637821434488762, 0.006535376452175116, 0.006434074111068735, 0.006333913810721563, 0.006234884810160304, 0.006136967135228217, 0.006040132495602344, 0.005944345221926134, 0.005849563231771183, 0.005755739030904268, 0.005662820753701616, 0.005570753243646082, 0.005479479171791228, 0.005388940188008288, 0.0052990780968694, 0.005209836047277879, 0.005121159722535695, 0.005032998515525808, 0.004945306672151821, 0.00485804438516879, 0.004771178820086872, 0.004684685054942167, 0.004598546916396975, 0.004512757695825212, 0.004427320730712807, 0.004342249838798289, 0.004257569594824495, 0.004173315442490164, 0.0040895336370958225, 0.004006281017386947, 0.003923624608124513, 0.0038416410578791488, 0.003760415919376768, 0.00368004278235715, 0.0036006222712876876, 0.003522260922361063, 0.003445069955966511, 0.0033691639622417933, 0.0032946595183798487, 0.0032216737570835204, 0.0031503229059467604, 0.0030807208176114936, 0.0030129775103319035, 0.0029471977381023353, 0.0028834796088036364, 0.0028219132679278077, 0.002762579664383947, 0.0027055494136980136, 0.0026508817726204493, 0.0025986237377699363, 0.0025488092794849174, 0.002501458720538975, 0.0024565782678091235, 0.002414159703371937, 0.002374180239842168, 0.0023366025430622247, 0.002301374923497544, 0.0022684316958925146, 0.0022376937048957293, 0.0022090690124770282, 0.0021824537410396003, 0.0021577330641918855, 0.002134782335203015, 0.002113468341244878, 0.0020936506696504495, 0.0020751831706236385, 0.002057915499154913, 0.002041694717367618, 0.0020263669371807496, 0.002011778982063952, 0.0019977800458178003, 0.001984223325771615, 0.0019709676075827572, 0.0019578787789711993, 0.0019448312502492646, 0.0019317092604192506, 0.0019184080489140353, 0.0019048348747398298, 0.0018909098668304122, 0.001876566691812462, 0.0018617530280775178, 0.0018464308380147312, 0.0018305764334293699, 0.0018141803324982103, 0.0017972469100325174, 0.001779793846266349, 0.0017618513827951524, 0.0017434613975878953, 0.0017246763141190757, 0.0017055578625495811, 0.0016861757134677782, 0.0016666060069299251, 0.001646929801364235, 0.001627231468286671, 0.0016075970596878797, 0.0015881126753696168, 0.0015688628574241966, 0.001549929038462483, 0.0015313880691147123, 0.0015133108487744237, 0.0014957610815593025, 0.0014787941770633304, 0.0014624563127194439, 0.001446783671536379, 0.0014318018656780535, 0.0014175255528850487, 0.0014039582491645588, 0.0013910923375692627, 0.0013789092693188923, 0.001367379950061926, 0.0013564653007977006, 0.0013461169799458654, 0.0013362782503204959, 0.0013268849723930378, 0.0013178667032572133, 0.0013091478791766489, 0.001300649058529458, 0.0012922882013800172, 0.0012839819618136212, 0.0012756469695592969, 0.0012672010782853616, 0.0012585645592551515, 0.0012496612207414642, 0.0012404194356731152, 0.0012307730623728982, 0.0012206622458840097, 0.0012100340902070025, 0.0011988431947132416, 0.0011870520509934292, 0.0011746312993705398, 0.0011615598471865101, 0.0011478248536959399, 0.0011334215889071304, 0.0011183531759476194, 0.0011026302284516559, 0.0010862703960346544, 0.001069297832107577, 0.00105174259907673, 0.0010336400263665315, 0.001015030036700478, 0.0009959564556951117, 0.0009764663190899923, 0.0009566091908885801, 0.0009364365043637627, 0.00091600093633689, 0.0008953558234245137, 0.0008745546271195476, 0.0008536504526913132, 0.0008326956250091696, 0.0008117413225720952, 0.0007908372693124049, 0.0007700314821810814, 0.0007493700711532171, 0.0007288970871457231, 0.0007086544124374755, 0.0006886816875380303, 0.0006690162680687882, 0.0006496932050956267, 0.0006307452424715032, 0.0006122028250910298, 0.0005940941124995952, 0.0005764449930050974, 0.0005592790942747168, 0.000542617787323728, 0.0005264801817786866, 0.0005108831112842366, 0.0004958411088840131, 0.00048136637310751916, 0.0004674687263063393, 0.0004541555674797395, 0.0004414318223922422, 0.0004292998942010467, 0.0004177596180721843, 0.00040680822337036483, 0.000396440306963454, 0.0003866478209988357, 0.00037742007820022863, 0.00036874377731838413, 0.00036060305086861285, 0.0003529795367251312, 0.00034585247454031753, 0.00033919882733926716, 0.0003329934280285746, 0.0003272091499729392, 0.00032181710025131665, 0.00031678683372002715, 0.00031208658559415817, 0.00030768351991781784, 0.0003035439910318084, 0.00029963381496422923, 0.0002959185475625218, 0.00029236376614907665, 0.000288935351509268, 0.00028559976710183245, 0.0002823243325070637, 0.00027907748828854623, 0.00027582904962943316, 0.00027255044630587207, 0.0002692149467705153, 0.00026579786433208276, 0.000262276743628243, 0.0002586315257959888, 0.00025484469094511135, 0.00025090137673682987, 0.0002467894720626971, 0.00024249968501126258, 0.0002380255845046704, 0.00023336361518781358, 0.00022851308536191132, 0.0002234761279750102, 0.00021825763491568006, 0.00021286516510365448, 0.00020730882713181016, 0.00020160113748569293, 0.00019575685564654534, 0.00018979279766701438, 0.0001837276300898243, 0.00017758164635238509, 0.00017137652807762397, 0.00016513509388613347, 0.000158881038570019, 0.00015263866563794266, 0.0001464326163679189, 0.00014028759858456061, 0.00013422811840695838, 0.00012827821818996808, 0.0001224612238045093, 0.00011679950427220019, 0.00011131424658846018, 0.00010602524833951017, 0.00010095073044727482, 9.610717206771875e-05, 9.150916932915204e-05, 8.716931923461798e-05, 8.309812967396992e-05, 7.930395610410981e-05, 7.579296506740816e-05, 7.25691243354555e-05, 6.963421909449766e-05, 6.698789323597032e-05, 6.462771448559696e-05, 6.25492618019474e-05, 6.0746233203779466e-05, 5.921057194785215e-05, 5.793260877744186e-05, 5.6901217798171835e-05, 5.610398341310641e-05, 5.5527375664031565e-05, 5.5156931280707314e-05, 5.4977437734582453e-05, 5.4973117627599315e-05, 5.512781081961606e-05, 5.542515180861818e-05, 5.584874002493189e-05, 