{"fosfomycins": {"detection": 1.28, "ranking": 72.76, "module": {"x_axis_data": [0.0, 2.94, 5.88, 8.82, 11.76, 14.7, 17.64, 20.58, 23.52, 26.46, 29.4, 32.339999999999996, 35.28, 38.22, 41.16, 44.1, 47.04, 49.98, 52.92, 55.86, 58.8, 61.74, 64.67999999999999, 67.62, 70.56], "bar_data": [44.54148471615721, 1.3100436681222707, 0.43668122270742354, 0.43668122270742354, 0.0, 0.0, 0.21834061135371177, 0.0, 0.0, 0.0, 0.0, 0.0, 0.0, 0.0, 0.0, 0.0, 0.21834061135371177, 0.0, 0.0, 0.0, 0.0, 0.0, 0.0, 0.0, 52.838427947598255], "range_count": 25, "name": "fosfomycins", "h2": 5.950765864332603, "average": 40.52954048140043, "h1": 3.055798687089715, "l2": 68.03172866520786, "curve_data": [0.2668302594243598, 0.2694782032983206, 0.2685360587968403, 0.2640855076505815, 0.25634968914220607, 0.2456761232142666, 0.23251181653537095, 0.21737299693480316, 0.200812297196428, 0.18338625116064838, 0.16562569214611148, 0.14801111605092532, 0.13095437824478393, 0.11478733650783546, 0.0997573302041353, 0.08602877944999639, 0.073689751225255, 0.06276209552862534, 0.05321369816791046, 0.044971498880606524, 0.03793414078709025, 0.0319834006195064, 0.02699385207067896, 0.022840498622770673, 0.01940435064230369, 0.016576100073860622, 0.014258161563563644, 0.012365406657710586, 0.010824928596663706, 0.009575152251393129, 0.008564559896339953, 0.007750249932619933, 0.007096490839600288, 0.006573382140230294, 0.006155691053261563, 0.005821898830502525, 0.005553464283139623, 0.005334292729312678, 0.005150385356742503, 0.004989635671953835, 0.004841735396199543, 0.0046981511881787254, 0.004552135405671243, 0.0043987383049914385, 0.004234795133742976, 0.004058868932252421, 0.0038711378686549997, 0.003673223891622613, 0.0034679667184532572, 0.0032591531183002974, 0.0030512157132996753, 0.002848917936338801, 0.002657042405764205, 0.0024800990403253996, 0.0023220670968011215, 0.002186182366904283, 0.002074777395407172, 0.0019891790868562277, 0.0019296646793356372, 0.0018954739330785222, 0.001884872615663146, 0.0018952600535607133, 0.0019233117535199422, 0.0019651469708400872, 0.0020165106930619663, 0.002072959848221465, 0.0021300445903262143, 0.002183477120279084, 0.0022292824388590563, 0.002263927414632228, 0.002284426296750636, 0.0022884220832404116, 0.00227424385574663, 0.0022409403411325956, 0.0021882897271802725, 0.002116785411929992, 0.0020275972053800883, 0.0019225077859233845, 0.001803825086699129, 0.001674272737563649, 0.001536862543020151, 0.0013947549323079028, 0.001251115006862235, 0.0011089728791864536, 0.000971097184133332, 0.0008398898350121415, 0.0007173083510977491, 0.0006048196178805852, 0.0005033860901979677, 0.00041348259598047917, 0.0003351394111240307, 0.0002680054414902731, 0.0002114243346557221, 0.00016451618655177261, 0.000126258118433741, 9.55581970504807e-05, 7.13187237576963e-05, 5.248658697818429e-05, 3.808994599989065e-05, 2.726183560786539e-05, 1.9252258654326213e-05, 1.3430939331436895e-05, 9.283168210779684e-06, 6.4011415774089695e-06, 4.472960535845108e-06, 3.2710896854195084e-06, 2.6416501595127173e-06, 2.495489108029225e-06, 2.8015589898219165e-06, 3.5827690464403123e-06, 4.9141385629548924e-06, 6.9227807064784645e-06, 9.788970601952499e-06, 1.3747301721780873e-05, 1.9086721119717637e-05, 2.6148079719388918e-05, 3.531777370105696e-05, 4.701612933084578e-05, 6.167943838072524e-05, 7.973501603663295e-05, 0.00010156933713342029, 0.00012749018591899725, 0.00015768476505263515, 0.00019217674483772688, 0.00023078615186797452, 0.00027309663532215113, 0.000318434850581755, 0.0003658663375732791, 0.00041421128099283094, 0.00046208194296948763, 0.0005079414758741889, 0.0005501814689800811, 0.0005872132459155635, 0.0006175659336308235, 0.0006399829764038784, 0.0006535083111692479, 0.0006575539807957662, 0.0006519425249532645, 0.0006369198904862906, 0.000613137552747414, 0.0005816056585728977, 0.0005436218861817252, 0.0005006829998979877, 0.00045438748476328686, 0.0004063380378966332, 0.00035805207922394824, 0.0003108869725258383, 0.00026598457396353336, 0.00022423736383106672, 0.00018627608899651337, 0.00015247682693301286, 0.00012298387790830206, 9.774400345981191e-05, 7.654726286409018e-05, 5.906997834932367e-05, 4.491605035685771e-05, 3.3653784637875036e-05, 2.484642245428118e-05, 1.8075545876374253e-05, 1.2957361670815863e-05, 9.152491690827325e-06, 6.3702974021326e-06, 4.368956049254405e-06, 2.952522706277897e-06, 1.966103694972997e-06, 1.2900816421936718e-06, 8.341143137686158e-07, 5.314122425372747e-07, 3.336069882862064e-07, 2.0636513524167986e-07, 1.2578681367824734e-07, 7.554948505078562e-08, 4.4712144862878455e-08, 2.6074566785872607e-08, 1.4983259534603937e-08, 8.483852430088519e-09, 4.733446925399516e-09, 2.602312937296594e-09, 1.40974035670035e-09, 7.525170545156397e-10, 3.9581401176038203e-10, 2.0514625066847198e-10, 1.0476919493589764e-10, 5.2723135727215325e-11, 2.6143664424810257e-11, 1.2774069988600125e-11, 6.150206883316027e-12, 2.917747875138658e-12, 1.3639655477224906e-12, 6.282849296024981e-13, 2.8517239780976327e-13, 1.2754279640705832e-13, 5.620849861075546e-14, 2.440875554542141e-14, 1.0444481708507209e-14, 4.403781392806872e-15, 1.8296255370944357e-15, 7.490249379608687e-16, 3.0215371897958496e-16, 1.2010392862185517e-16, 4.7041816740605794e-17, 1.815551450048657e-17, 6.9044746339286705e-18, 2.587321032267016e-18, 9.553612061254429e-19, 3.4760217730340236e-19, 1.2462207463138184e-19, 4.402557819466052e-20, 1.5325433310091574e-20, 5.256758910909885e-21, 1.7767280520717708e-21, 5.9172710298354375e-22, 1.9418673828733142e-22, 6.279358451115761e-23, 2.0008226070854606e-23, 6.2820226698938844e-24, 1.943515531202769e-24, 5.924806000702889e-25, 1.779745306647133e-25, 5.267920121514366e-26, 1.5364488661565103e-26, 4.4156504312460934e-27, 1.2504589950019627e-27, 3.489398186475689e-28, 9.597469269628226e-29, 2.612308156493019e-29, 7.443869884457226e-30, 3.7692033537173004e-30, 7.856489885767586e-30, 2.77575214855754e-29, 1.0196456821009553e-28, 3.70476291482824e-28, 1.3267273008204066e-27, 4.681749710725416e-27, 1.6279192001810133e-26, 5.577699810158123e-26, 1.8831071560791327e-25, 6.264588276999148e-25, 2.0535611324891173e-24, 6.633157983361426e-24, 2.1112061827696987e-23, 6.621228256713651e-23, 2.0461811204843177e-22, 6.230848467391916e-22, 1.869596594977343e-21, 5.527722467724362e-21, 1.6104311212406623e-20, 4.623125487411097e-20, 1.3077562726821367e-19, 3.6451511754510084e-19, 1.0011562894226763e-18, 2.709479180363255e-18, 7.22549091360724e-18, 1.8986569483057002e-17, 4.91612876370448e-17, 1.2542889570228724e-16, 3.153330929937623e-16, 7.811583967761187e-16, 1.9068049159239396e-15, 4.586390436225259e-15, 1.0870096163880358e-14, 2.538594600002616e-14, 5.841856980106948e-14, 1.3246650915753182e-13, 2.9597761456779634e-13, 6.516422618110834e-13, 1.4136998825890589e-12, 3.022058062854653e-12, 6.365697386294808e-12, 1.3212554051075163e-11, 2.7022477722927808e-11, 5.445793393763796e-11, 1.0814208952583197e-10, 2.1160501469039933e-10, 4.0799492132452937e-10, 7.751418075541903e-10, 1.4511261500096074e-09, 2.6768669034543525e-09, 4.865707418740869e-09, 8.714907983755297e-09, 1.5380739759809538e-08, 2.6747872526853164e-08, 4.583517230925941e-08, 7.739378641938494e-08, 1.2876888158775957e-07, 2.1111221162888415e-07, 3.4104633751905337e-07, 5.428889815495738e-07, 8.515423806818319e-07, 1.3161309745796002e-06, 2.004423822783126e-06, 3.0079984216904012e-06, 4.447984396794737e-06, 6.481066966981113e-06, 9.3052354272226e-06, 1.316454413334816e-05, 1.8351936035820073e-05, 2.5208996135209187e-05, 3.412139821669521e-05, 4.550883202572068e-05, 5.9808397021384383e-05, 7.745085893550756e-05, 9.882980012866065e-05, 0.00012426453481826632, 0.00015395864581048386, 0.00018795702800871762, 0.00022610525647045297, 0.0002680157716306055, 0.0003130456305395621, 0.0003602902786635723, 0.0004085968787540299, 0.0004565992019689301, 0.0005027740501546755, 0.000545516841680575, 0.0005832316379450945, 0.0006144288352463255, 0.0006378223100344239, 0.0006524172359586628, 