{"InositolPhosphateMetabolism": {"detection": 72227.0, "ranking": 8.94, "module": {"x_axis_data": [57325.5, 64690.38, 72055.26, 79420.14, 86785.02, 94149.9, 101514.78, 108879.66, 116244.54000000001, 123609.42, 130974.3, 138339.18, 145704.06, 153068.94, 160433.82, 167798.7, 175163.58000000002, 182528.46000000002, 189893.34, 197258.22, 204623.1, 211987.98, 219352.86000000002, 226717.74, 234082.62], "bar_data": [7.20524017467249, 10.698689956331878, 13.755458515283841, 18.12227074235808, 14.41048034934498, 14.847161572052403, 7.860262008733625, 5.895196506550218, 2.4017467248908297, 1.9650655021834063, 0.6550218340611353, 0.6550218340611353, 0.43668122270742354, 0.0, 0.21834061135371177, 0.21834061135371177, 0.21834061135371177, 0.0, 0.0, 0.0, 0.0, 0.0, 0.0, 0.0, 0.43668122270742354], "range_count": 25, "name": "InositolPhosphateMetabolism", "h2": 160868.9442013129, "average": 93182.95733041575, "h1": 127025.95076586433, "l2": 239835.92888402627, "curve_data": [1.462288643182243e-06, 1.599438884591304e-06, 1.7452874821819467e-06, 1.8999275283203448e-06, 2.0634062233124457e-06, 2.2357234403924193e-06, 2.4168312031062862e-06, 2.6066341452656383e-06, 2.804990994885633e-06, 3.0117170905226984e-06, 3.226587902262586e-06, 3.4493434916032455e-06, 3.6796938061564405e-06, 3.917324668129572e-06, 4.1619042816886264e-06, 4.413090055275619e-06, 4.6705355123950855e-06, 4.933897049737917e-06, 5.20284029595318e-06, 5.477045828730568e-06, 5.7562140225309e-06, 6.040068824248592e-06, 6.328360288774512e-06, 6.620865749827643e-06, 6.91738955205305e-06, 7.217761326335297e-06, 7.521832849303502e-06, 7.82947358759941e-06, 8.140565085002552e-06, 8.454994403288823e-06, 8.772646873190831e-06, 9.09339844771924e-06, 9.417107974449843e-06, 9.743609714714248e-06, 1.007270643504997e-05, 1.0404163379502146e-05, 1.0737703400814382e-05, 1.1073003485268794e-05, 1.14096928516233e-05, 1.1747352741513373e-05, 1.2085517949558377e-05, 1.2423680069308354e-05, 1.2761292359347118e-05, 1.3097776065627658e-05, 1.343252797462624e-05, 1.3764928920038777e-05, 1.409435292595588e-05, 1.4420176643622492e-05, 1.4741788728247543e-05, 1.5058598807384483e-05, 1.5370045712923058e-05, 1.5675604683747896e-05, 1.597479329398083e-05, 1.6267175920183953e-05, 1.655236662722667e-05, 1.683003042362699e-05, 1.709988290978285e-05, 1.736168841328341e-05, 1.7615256771215387e-05, 1.786043897709347e-05, 1.809712195716844e-05, 1.8325222775318136e-05, 1.854468258599742e-05, 1.8755460659935933e-05, 1.8957528797216506e-05, 1.915086641748268e-05, 1.933545657839554e-05, 1.9511283122757653e-05, 1.9678329094128027e-05, 1.9836576492892494e-05, 1.9986007372572403e-05, 2.0126606202831168e-05, 2.0258363354438044e-05, 2.0381279495625527e-05, 2.0495370631924253e-05, 2.060067347549838e-05, 2.0697250797649475e-05, 2.078519640141459e-05, 2.08646393513406e-05, 2.0935747115163798e-05, 2.099872730709537e-05, 2.1053827773759673e-05, 2.1101334829813747e-05, 2.114156952842075e-05, 2.117488193890372e-05, 2.120164349637838e-05, 2.122223758186044e-05, 2.1237048581946436e-05, 2.1246449760362653e-05, 2.125079034533213e-05, 2.12503822931358e-05, 2.124548722635222e-05, 2.1236304062793025e-05, 2.122295784676938e-05, 2.1205490267748837e-05, 2.1183852303478465e-05, 2.1157899357101596e-05, 2.1127389173497362e-05, 2.1091982722670606e-05, 2.1051248131806117e-05, 2.1004667637279833e-05, 2.095164741837163e-05, 2.089153007042795e-05, 2.082360938122683e-05, 2.0747146994175027e-05, 2.066139047883688e-05, 2.0565592285377296e-05, 2.045902903603345e-05, 2.0341020603937895e-05, 2.0210948446754475e-05, 2.0068272698019536e-05, 1.991254757041945e-05, 1.974343468950515e-05, 1.9560714050188903e-05, 1.9364292368234314e-05, 1.9154208681302785e-05, 1.8930637135614633e-05, 1.869388697193135e-05, 1.8444399795851977e-05, 1.8182744280385732e-05, 1.790960850206738e-05, 1.7625790154776243e-05, 1.7332184917739232e-05, 1.7029773276288514e-05, 1.6719606106575e-05, 1.6402789339697486e-05, 1.6080468017894146e-05, 1.575381004694472e-05, 1.542398993613124e-05, 1.5092172801270977e-05, 1.4759498888565639e-05, 1.4427068858151129e-05, 1.409593004688043e-05, 1.3767063910325674e-05, 1.3441374824295712e-05, 1.3119680406137596e-05, 1.2802703495358356e-05, 1.2491065911172922e-05, 1.2185284080919766e-05, 1.1885766607372367e-05, 1.1592813814406725e-05, 1.1306619279010042e-05, 1.1027273323222804e-05, 1.0754768402533717e-05, 1.0489006288035689e-05, 1.0229806899127923e-05, 9.976918602821382e-06, 9.730029756122555e-06, 9.48878123105681e-06, 9.25277962929203e-06, 9.021610866692485e-06, 8.794853789062472e-06, 8.572093470248726e-06, 8.352933843814969e-06, 8.137009330489322e-06, 7.92399514590251e-06, 7.7136160066958e-06, 7.50565299729815e-06, 7.299948413460034e-06, 7.09640846041343e-06, 6.895003751298929e-06, 6.695767622895273e-06, 6.498792358073338e-06, 6.304223474992882e-06, 6.112252309051782e-06, 5.923107172268287e-06, 5.737043423638681e-06, 5.554332820921757e-06, 5.375252547570608e-06, 5.200074317013724e-06, 5.029053949645023e-06, 4.862421795821046e-06, 4.70037434164736e-06, 4.543067284757733e-06, 4.390610306625252e-06, 4.243063698670121e-06, 4.100436924416851e-06, 3.962689122347354e-06, 3.829731477169039e-06, 3.7014313142240086e-06, 3.5776177057927686e-06, 3.45808832186756e-06, 3.342617213917144e-06, 3.2309631900111556e-06, 3.1228784245572764e-06, 3.018116946270652e-06, 2.916442663576181e-06, 2.8176366164754643e-06, 2.7215031863808417e-06, 2.6278750483586464e-06, 2.5366167110074053e-06, 2.447626554886756e-06, 2.3608373479010245e-06, 2.2762152822085857e-06, 2.193757639097674e-06, 2.1134892431488e-06, 2.035457912615941e-06, 1.959729147535135e-06, 1.886380319432677e-06, 1.8154946360984782e-06, 1.7471551517912292e-06, 1.6814390781285906e-06, 1.618412625013073e-06, 1.558126565939247e-06, 1.5006126799643396e-06, 1.445881175788998e-06, 1.3939191541880474e-06, 1.3446901158499578e-06, 1.2981344747981803e-06, 1.254170995023993e-06, 1.212699031489405e-06, 1.1736014276126505e-06, 1.1367479006585962e-06, 1.1019987346107525e-06, 1.0692085971523628e-06, 1.0382303029674049e-06, 1.0089183589544353e-06, 9.811321470761208e-07, 9.54738626148725e-07, 9.296144634381634e-07, 9.056475389077867e-07, 8.827377977736782e-07, 8.607974591356386e-07, 8.397506184546428e-07, 8.195323083021465e-07, 8.00087104094519e-07, 7.813673786772035e-07, 7.633313211386671e-07, 7.459408408889821e-07, 7.291594778774184e-07, 7.12950434145198e-07, 6.972748312366649e-07, 6.820902830384563e-07, 6.673498552445964e-07, 6.530014618237267e-07, 6.389877266169425e-07, 6.252463155559863e-07, 6.117107229609594e-07, 5.983114748777961e-07, 5.849776942593584e-07, 5.716389576499176e-07, 5.582273614076929e-07, 5.446797077237831e-07, 5.309397169169722e-07, 5.169601726717985e-07, 5.027049108444346e-07, 4.881505698392544e-07, 4.7328803088480614e-07, 4.5812348923975535e-07, 4.4267911179914154e-07, 4.2699325207808424e-07, 4.111202094513072e-07, 3.95129535181213e-07, 3.7910490259021123e-07, 3.631425722220074e-07, 3.473494945868652e-07, 3.3184110280310747e-07, 3.167388549512326e-07, 3.0216759118052523e-07, 2.882527735883005e-07, 2.751176777566939e-07, 2.628806037830665e-07, 2.5165217193112203e-07, 2.415327639454446e-07, 2.326101659048351e-07, 2.2495746252056882e-07, 2.1863122626617213e-07, 2.1367003786509763e-07, 2.1009336762130905e-07, 2.0790083996177026e-07, 2.0707189642615224e-07, 2.075658652021269e-07, 2.0932243814897327e-07, 2.122625490468248e-07, 2.1628963952401937e-07, 2.212912917384466e-07, 2.2714119944102082e-07, 2.3370144159535505e-07, 2.4082501538488107e-07, 2.483585783793411e-07, 2.5614534308155664e-07, 2.640280613007055e-07, 2.718520310981802e-07, 2.7946805573602704e-07, 2.867352824258485e-07, 2.9352384899495193e-07, 2.9971726906736303e-07, 3.0521449113408167e-07, 3.0993157399803093e-07, 3.138029304552208e-07, 3.1678210252994024e-07, 3.1884204481874037e-07, 3.1997490710796185e-07, 3.2019132291135344e-07, 3.1951922635374175e-07, 3.180022352825645e-07, 3.156976529832569e-07, 3.126741537840816e-07, 3.090092285858186e-07, 3.047864744453336e-07, 