{"Galactose-metabolism": {"detection": 726775.0, "ranking": 7.5, "module": {"x_axis_data": [606930.0, 636997.12, 667064.24, 697131.36, 727198.48, 757265.6, 787332.72, 817399.84, 847466.96, 877534.0800000001, 907601.2, 937668.3200000001, 967735.44, 997802.56, 1027869.6799999999, 1057936.8, 1088003.92, 1118071.04, 1148138.1600000001, 1178205.28, 1208272.4, 1238339.52, 1268406.6400000001, 1298473.76, 1328540.88], "bar_data": [1.5283842794759825, 2.6200873362445414, 2.8384279475982535, 2.6200873362445414, 5.676855895196507, 7.423580786026202, 7.20524017467249, 10.043668122270741, 9.82532751091703, 12.22707423580786, 7.20524017467249, 6.331877729257641, 5.240174672489083, 6.986899563318777, 3.2751091703056767, 2.6200873362445414, 2.6200873362445414, 1.7467248908296942, 0.21834061135371177, 0.0, 0.6550218340611353, 0.21834061135371177, 0.43668122270742354, 0.0, 0.43668122270742354], "range_count": 25, "name": "Galactose-metabolism", "h2": 1098728.078774617, "average": 899706.1137855579, "h1": 1000039.5010940919, "l2": 750028.4376367615, "curve_data": [1.6197258265868155e-07, 1.6986800813280087e-07, 1.7802561471583216e-07, 1.8644840866151754e-07, 1.9513895635617538e-07, 2.0409931982625766e-07, 2.1333099015854803e-07, 2.2283481969554166e-07, 2.326109539687166e-07, 2.4265876442230987e-07, 2.5297678305755113e-07, 2.635626401897877e-07, 2.744130065564984e-07, 2.8552354104102806e-07, 2.968888452833578e-07, 3.0850242643413403e-07, 3.2035666927063553e-07, 3.3244281883277493e-07, 3.44750974653645e-07, 3.572700975527193e-07, 3.6998802983153853e-07, 3.828915295626376e-07, 3.959663194943993e-07, 4.0919715090938635e-07, 4.2256788257410607e-07, 4.360615747068212e-07, 4.496605976700893e-07, 4.633467548696107e-07, 4.771014191141967e-07, 4.90905681467007e-07, 5.047405113994426e-07, 5.185869268498963e-07, 5.32426172593813e-07, 5.462399051526563e-07, 5.600103823107417e-07, 5.73720655173708e-07, 5.873547605931884e-07, 6.008979117014675e-07, 6.14336684249493e-07, 6.276591964228159e-07, 6.408552798239156e-07, 6.539166393562049e-07, 6.668369998246379e-07, 6.796122371794852e-07, 6.922404924724204e-07, 7.04722266765458e-07, 7.170604954316246e-07, 7.292606005084997e-07, 7.413305200090356e-07, 7.532807133547608e-07, 7.651241423709671e-07, 7.768762275677336e-07, 7.885547797206242e-07, 8.00179907056385e-07, 8.117738986378222e-07, 8.233610848241084e-07, 8.349676759541707e-07, 8.466215806576333e-07, 8.58352205436713e-07, 8.701902373801254e-07, 8.821674120638765e-07, 8.943162688610495e-07, 9.066698960218622e-07, 9.192616679943619e-07, 9.321249775346135e-07, 9.452929652022001e-07, 9.587982488526048e-07, 9.726726557227074e-07, 9.869469596603518e-07, 1.0016506259748303e-06, 1.0168115662839754e-06, 1.0324559056074021e-06, 1.0486077638065066e-06, 1.0652890533028164e-06, 1.0825192948198465e-06, 1.1003154526926826e-06, 1.118691791077131e-06, 1.1376597521691697e-06, 1.1572278573189797e-06, 1.1774016316945196e-06, 1.1981835529203206e-06, 1.2195730238907301e-06, 1.2415663697350177e-06, 1.264156858697511e-06, 1.2873347464903635e-06, 1.311087343481847e-06, 1.3353991039003507e-06, 1.3602517360645163e-06, 1.385624332494254e-06, 1.411493518615997e-06, 1.437833618649017e-06, 1.464616837147943e-06, 1.4918134545797514e-06, 1.5193920352312144e-06, 1.5473196456748517e-06, 1.5755620819671117e-06, 1.604084103711971e-06, 1.6328496730950383e-06, 1.6618221969780143e-06, 1.690964770139829e-06, 1.7202404177590809e-06, 1.7496123352519054e-06, 1.7790441236101035e-06, 1.8085000184259254e-06, 1.8379451108424394e-06, 1.8673455587317424e-06, 1.896668786477506e-06, 1.9258836718235483e-06, 1.9549607183463174e-06, 1.9838722122163167e-06, 2.012592362031623e-06, 2.041097420635612e-06, 2.0693657879702637e-06, 2.0973780941659443e-06, 2.125117262227288e-06, 2.152568549842057e-06, 2.1797195700146568e-06, 2.206560290406668e-06, 2.233083011452208e-06, 2.259282323503974e-06, 2.285155043454644e-06, 2.3107001314659726e-06, 2.3359185886214054e-06, 2.360813336496074e-06, 2.38538907980691e-06, 2.4096521534639885e-06, 2.43361035548903e-06, 2.4572727673963222e-06, 2.480649563743071e-06, 2.5037518126486123e-06, 2.526591269153513e-06, 2.549180163339215e-06, 2.57153098515599e-06, 2.593656267911096e-06, 2.6155683723504692e-06, 2.637279273226669e-06, 2.658800350184091e-06, 2.6801421847114036e-06, 2.70131436481237e-06, 2.722325298932159e-06, 2.7431820405495214e-06, 2.7638901247081603e-06, 2.7844534176169056e-06, 2.8048739803001572e-06, 2.8251519471308284e-06, 2.8452854199307798e-06, 2.8652703781805e-06, 2.885100605743714e-06, 2.9047676343852376e-06, 2.9242607042435866e-06, 2.943566741314955e-06, 2.962670351912569e-06, 2.9815538339858346e-06, 3.0001972051162625e-06, 3.018578246951781e-06, 3.0366725657958493e-06, 3.0544536690314856e-06, 3.071893057031204e-06, 3.0889603301786493e-06, 3.1056233106054435e-06, 3.1218481782233846e-06, 3.1375996206062504e-06, 3.1528409962440037e-06, 3.167534510653141e-06, 3.181641404778432e-06, 3.1951221550617035e-06, 3.207936684481752e-06, 3.220044583785125e-06, 3.2314053420308377e-06, 3.2419785854636575e-06, 3.2517243236112795e-06, 3.2606032013731585e-06, 3.268576755735033e-06, 3.2756076756060055e-06, 3.2816600631386122e-06, 3.2866996947598e-06, 3.2906942800163512e-06, 3.293613716226548e-06, 3.2954303368344407e-06, 3.2961191512886013e-06, 3.2956580742171075e-06, 3.294028141648475e-06, 3.291213712037034e-06, 3.2872026498934574e-06, 3.281986489898201e-06, 3.275560579488415e-06, 3.2679241980575614e-06, 3.259080651090498e-06, 3.2490373377735003e-06, 3.2378057908660634e-06, 3.2254016878957098e-06, 3.211844833034375e-06, 3.197159109330438e-06, 3.18137240129847e-06, 3.164516488203704e-06, 3.146626908713634e-06, 3.1277427979190602e-06, 3.1079066980449295e-06, 3.087164344471173e-06, 3.065564428960313e-06, 3.0431583422358595e-06, 3.019999898269788e-06, 2.99614504281383e-06, 2.971651548846058e-06, 2.946578701698251e-06, 2.9209869766805993e-06, 2.8949377120277327e-06, 2.8684927799555166e-06, 2.8417142585427407e-06, 2.8146641070395978e-06, 2.7874038470583155e-06, 2.7599942519259826e-06, 2.7324950462799043e-06, 2.7049646177673875e-06, 2.677459742480496e-06, 2.6500353255182687e-06, 2.6227441578292447e-06, 2.595636690252495e-06, 2.5687608254505215e-06, 2.5421617282168282e-06, 2.5158816544498114e-06, 2.4899597989151945e-06, 2.4644321617747223e-06, 2.4393314337407833e-06, 2.414686899625608e-06, 2.390524359989644e-06, 2.3668660705553975e-06, 2.343730699038699e-06, 2.3211332990557702e-06, 2.299085300788961e-06, 2.2775945181316656e-06, 2.2566651720801926e-06, 2.236297930192005e-06, 2.216489961981163e-06, 2.197235010168336e-06, 2.1785234777396558e-06, 2.1603425307921437e-06, 2.142676217149292e-06, 2.1255056007159353e-06, 2.108808911504526e-06, 2.0925617112031856e-06, 2.0767370740697197e-06, 2.061305782824319e-06, 2.046236539079056e-06, 2.031496187685604e-06, 2.0170499542072927e-06, 2.0028616945310173e-06, 1.9888941554327608e-06, 1.9751092447024504e-06, 1.961468309224919e-06, 1.94793241920886e-06, 1.934462656561038e-06, 1.921020405223719e-06, 1.907567641135141e-06, 1.8940672193403918e-06, 1.8804831556786576e-06, 1.8667809004056596e-06, 1.8529276010811423e-06, 1.8388923520628406e-06, 1.8246464280019085e-06, 1.810163498831535e-06, 1.7954198238797521e-06, 1.7803944229184567e-06, 1.7650692221812814e-06, 1.749429173640039e-06, 1.7334623461197503e-06, 1.7171599871506078e-06, 1.7005165547971607e-06, 1.6835297190644723e-06, 1.6662003328520361e-06, 1.6485323728027258e-06, 1.630532850769291e-06, 1.6122116969886648e-06, 1.5935816164082693e-06, 1.5746579199425809e-06, 1.5554583327467862e-06, 1.536002781872422e-06, 1.5163131659128262e-06, 1.4964131094503329e-06, 1.4763277052791418e-06, 1.456083247495743e-06, 1.435706958620937e-06, 1.4152267139435194e-06, 1.3946707662556068e-06, 1.3740674740848567e-06, 1.3534450364207523e-06, 1.3328312367840003e-06, 1.3122531993023798e-06, 1.2917371592377343e-06, 1.2713082501607976e-06, 1.2509903096984816e-06, 1.230805705486755e-06, 1.2107751826568587e-06, 1.1909177338681935e-06, 1.171250492583558e-06, 