{"MethaneMetabolism": {"detection": 581536.5, "ranking": 32.38, "module": {"x_axis_data": [467069.5, 485653.74, 504237.98, 522822.22, 541406.46, 559990.7, 578574.94, 597159.18, 615743.42, 634327.66, 652911.9, 671496.14, 690080.38, 708664.62, 727248.86, 745833.1000000001, 764417.3400000001, 783001.5800000001, 801585.8200000001, 820170.06, 838754.3, 857338.54, 875922.78, 894507.02, 913091.26], "bar_data": [2.8384279475982535, 3.056768558951965, 5.676855895196507, 7.423580786026202, 8.73362445414847, 16.593886462882097, 18.5589519650655, 12.008733624454148, 11.353711790393014, 5.458515283842795, 4.585152838427948, 1.3100436681222707, 0.43668122270742354, 0.21834061135371177, 0.43668122270742354, 0.21834061135371177, 0.21834061135371177, 0.21834061135371177, 0.0, 0.21834061135371177, 0.0, 0.0, 0.0, 0.21834061135371177, 0.21834061135371177], "range_count": 25, "name": "MethaneMetabolism", "h2": 744613.1280087527, "average": 595166.5590809628, "h1": 673448.0951859956, "l2": 522984.8829321663, "curve_data": [3.226212280515112e-07, 3.426238792941796e-07, 3.6333146200860905e-07, 3.847452408098933e-07, 4.06865494743639e-07, 4.2969134249642746e-07, 4.532205757664286e-07, 4.774495131099231e-07, 5.023728865582025e-07, 5.27983772627186e-07, 5.542735780178492e-07, 5.812320883631399e-07, 6.088475858850461e-07, 6.371070388847143e-07, 6.659963627277377e-07, 6.955007485569483e-07, 7.256050525308949e-07, 7.562942351183652e-07, 7.87553837044549e-07, 8.193704760364302e-07, 8.51732346685469e-07, 8.846297046372388e-07, 9.180553159968821e-07, 9.520048533332469e-07, 9.864772209591341e-07, 1.0214747942049095e-06, 1.0570035600951135e-06, 1.0930731500576325e-06, 1.1296967588921976e-06, 1.1668909480333223e-06, 1.2046753349894628e-06, 1.2430721745560884e-06, 1.28210584082942e-06, 1.3218022220560922e-06, 1.3621880428370832e-06, 1.403290130091308e-06, 1.4451346404419903e-06, 1.4877462673213459e-06, 1.5311474461348695e-06, 1.5753575753557425e-06, 1.6203922705257685e-06, 1.6662626669311888e-06, 1.7129747853163997e-06, 1.7605289735093701e-06, 1.8089194353621731e-06, 1.858133857041734e-06, 1.9081531394971776e-06, 1.958951244909088e-06, 2.0104951640888143e-06, 2.0627450111078807e-06, 2.115654250835757e-06, 2.169170064463728e-06, 2.2232338573923313e-06, 2.2777819129524136e-06, 2.332746194210772e-06, 2.3880552944873064e-06, 2.4436355351106467e-06, 2.4994122063201003e-06, 2.5553109440766004e-06, 2.6112592319045574e-06, 2.6671880128230947e-06, 2.7230333920488696e-06, 2.778738406611813e-06, 2.8342548334944335e-06, 2.889545003583698e-06, 2.9445835848210615e-06, 2.999359294661039e-06, 3.0538764995031343e-06, 3.108156657325249e-06, 3.1622395594673466e-06, 3.216184328502509e-06, 3.2700701314509726e-06, 3.3239965712546857e-06, 3.378083724394987e-06, 3.432471798713039e-06, 3.487320392739503e-06, 3.542807345972748e-06, 3.5991271783415268e-06, 3.656489126299306e-06, 3.7151147923557815e-06, 3.7752354340825936e-06, 3.837088927462115e-06, 3.900916447623157e-06, 3.966958917290132e-06, 4.035453279456412e-06, 4.106628655712541e-06, 4.18070245518823e-06, 4.257876501122815e-06, 4.338333242626696e-06, 4.422232118244015e-06, 4.509706135524853e-06, 4.6008587270520995e-06, 4.695760938363067e-06, 4.794448997106963e-06, 4.896922305752011e-06, 5.003141892382706e-06, 5.113029345795123e-06, 5.226466252397089e-06, 5.343294143539115e-06, 5.463314953020753e-06, 5.586291975808347e-06, 5.711951310625394e-06, 5.839983761182964e-06, 5.970047163542242e-06, 6.101769100567808e-06, 6.234749958749098e-06, 6.368566277937439e-06, 6.502774340853967e-06, 6.6369139466382075e-06, 6.770512311285314e-06, 6.903088037597518e-06, 7.034155098264209e-06, 7.163226777874653e-06, 7.289819523014354e-06, 7.4134566540232815e-06, 7.5336718973906935e-06, 7.650012703977244e-06, 7.762043325103268e-06, 7.869347625803825e-06, 7.971531621977092e-06, 8.068225735475342e-06, 8.159086768127815e-06, 8.243799601966915e-06, 8.322078638294723e-06, 8.393668992446385e-06, 8.458347463999453e-06, 8.51592330361891e-06, 8.566238797660694e-06, 8.609169690107526e-06, 8.644625458476478e-06, 8.672549456205572e-06, 8.692918928946182e-06, 8.705744906479931e-06, 8.711071966005333e-06, 8.708977856694184e-06, 8.699572970101856e-06, 8.682999636613231e-06, 8.659431224965187e-06, 8.629071020296387e-06, 8.592150856348069e-06, 8.548929479496544e-06, 8.499690626264745e-06, 8.444740801752621e-06, 8.384406753869086e-06, 8.319032647066663e-06, 8.24897694912823e-06, 8.17460905501988e-06, 8.09630568245877e-06, 8.014447084180263e-06, 7.929413131466576e-06, 7.841579331882637e-06, 7.751312850972658e-06, 7.658968612576555e-06, 7.564885555188071e-06, 7.4693831222342025e-06, 7.372758062238686e-06, 7.275281610557806e-06, 7.17719711784802e-06, 7.078718181817864e-06, 6.980027328378467e-06, 6.881275276334303e-06, 6.7825808065914e-06, 6.684031242872076e-06, 6.5856835365023734e-06, 6.487565933369595e-06, 6.3896801870236655e-06, 6.292004268488247e-06, 6.194495511011382e-06, 6.097094117043675e-06, 5.999726945481449e-06, 5.9023114899036595e-06, 5.80475995338136e-06, 5.706983322610958e-06, 5.6088953437339485e-06, 5.510416304315174e-06, 5.4114765305617785e-06, 5.312019515911618e-06, 5.212004606478604e-06, 5.1114091803172695e-06, 5.010230270801799e-06, 4.908485599278516e-06, 4.806213998165538e-06, 4.703475222399121e-06, 4.6003491640894855e-06, 4.496934501941045e-06, 4.393346832896127e-06, 4.289716348060819e-06, 4.186185127777493e-06, 4.082904141270991e-06, 3.9800300442301305e-06, 3.877721872686952e-06, 3.7761377334155536e-06, 3.675431589688786e-06, 3.5757502366255762e-06, 3.4772305526696505e-06, 3.379997103224522e-06, 3.284160159499095e-06, 3.1898141806661056e-06, 3.0970367910554687e-06, 3.0058882669123247e-06, 2.916411529893131e-06, 2.8286326276107804e-06, 2.7425616658055736e-06, 2.658194142698167e-06, 2.5755126242819656e-06, 2.494488690146776e-06, 2.415085073183784e-06, 2.33725791336966e-06, 2.260959045790211e-06, 2.1861382460357822e-06, 2.112745361845265e-06, 2.040732268045369e-06, 1.970054591981512e-06, 1.9006731682530464e-06, 1.8325551940875675e-06, 1.765675069542887e-06, 1.700014919345892e-06, 1.635564805042717e-06, 1.572322646780817e-06, 1.5102938830935894e-06, 1.4494909042287583e-06, 1.3899322996774106e-06, 1.3316419635528065e-06, 1.2746481023755416e-06, 1.2189821887773027e-06, 1.1646779018587991e-06, 1.1117700907118565e-06, 1.0602937922738307e-06, 1.010283328582144e-06, 9.617715020027709e-07, 9.147889004685782e-07, 8.69363318502285e-07, 8.255192940879295e-07, 7.832777565142437e-07, 7.426557762988941e-07, 7.0366640530779e-07, 6.663185932363153e-07, 6.30617165691164e-07, 5.965628491216764e-07, 5.641523286776604e-07, 5.333783265653906e-07, 5.042296904664689e-07, 4.766914838991499e-07, 4.507450728674753e-07, 4.2636820560077567e-07, 4.0353508449658856e-07, 3.8221643143027735e-07, 3.6237954930050627e-07, 3.439883839854266e-07, 3.27003591764077e-07, 3.1138261771014775e-07, 2.970797906133711e-07, 2.8404643966715285e-07, 2.7223103753327897e-07, 2.6157937351678236e-07, 2.520347595220126e-07, 2.435382702793847e-07, 2.3602901809287654e-07, 2.294444611165119e-07, 2.2372074297201648e-07, 2.1879306040903832e-07, 2.1459605471530152e-07, 2.1106422172995714e-07, 2.0813233461552203e-07, 2.0573587301214711e-07, 2.0381145183774467e-07, 2.0229724280975498e-07, 2.0113338174716605e-07, 2.0026235486033934e-07, 1.996293575447295e-07, 1.99182619654293e-07, 1.988736918308431e-07, 1.9865768819433092e-07, 1.984934815411792e-07, 1.9834384813601848e-07, 1.9817556019655805e-07, 1.9795942523938793e-07, 1.9767027255151684e-07, 1.9728688815178232e-07, 1.9679190068015802e-07, 1.9617162167317098e-07, 1.9541584462242522e-07, 1.9451760804435552e-07, 1.934729284889739e-07, 1.922805099630721e-07, 1.909414366227691e-07, 1.8945885578992313e-07, 1.878376583604208e-07, 1.8608416349889735e-07, 1.8420581415869127e-07, 1.8221088943779103e-07, 1.801082390962981e-07, 1.7790704473806214e-07, 1.7561661122232724e-07, 1.7324619084736738e-07, 1.7080484176685093e-07, 1.683013209925503e-07, 1.6574401123673395e-07, 1.63140879787222e-07, 