{"undigested": {"detection": 106016.0, "ranking": 69.25, "module": {"x_axis_data": [40407.5, 48187.44, 55967.38, 63747.32, 71527.26, 79307.2, 87087.14, 94867.07999999999, 102647.01999999999, 110426.95999999999, 118206.9, 125986.84, 133766.78, 141546.72, 149326.65999999997, 157106.59999999998, 164886.53999999998, 172666.47999999998, 180446.41999999998, 188226.36, 196006.3, 203786.24, 211566.18, 219346.12, 227126.06], "bar_data": [6.331877729257641, 6.11353711790393, 9.82532751091703, 12.445414847161572, 11.790393013100436, 8.73362445414847, 10.91703056768559, 8.951965065502183, 5.240174672489083, 6.331877729257641, 2.1834061135371177, 2.4017467248908297, 2.1834061135371177, 1.7467248908296942, 1.9650655021834063, 0.6550218340611353, 0.0, 0.43668122270742354, 0.43668122270742354, 0.6550218340611353, 0.0, 0.0, 0.21834061135371177, 0.0, 0.43668122270742354], "range_count": 25, "name": "undigested", "h2": 132336.7691466083, "average": 91479.31619256017, "h1": 105949.66411378556, "l2": 45514.68161925602, "curve_data": [1.8820839165999755e-06, 1.981923818236034e-06, 2.084795744171501e-06, 2.1906748685309816e-06, 2.29953247839484e-06, 2.4113363088744227e-06, 2.5260508922458462e-06, 2.6436379155145285e-06, 2.764056580515043e-06, 2.8872639604675457e-06, 3.0132153468197553e-06, 3.1418645802071726e-06, 3.2731643594680825e-06, 3.4070665228560063e-06, 3.543522295901099e-06, 3.682482500782329e-06, 3.823897722580987e-06, 3.967718428387534e-06, 4.113895035921644e-06, 4.262377929089626e-06, 4.413117418734095e-06, 4.566063647714884e-06, 4.7211664403840515e-06, 4.878375097465581e-06, 5.037638138307061e-06, 5.198902993417392e-06, 5.362115651126505e-06, 5.527220263080966e-06, 5.69415871410761e-06, 5.862870162719886e-06, 6.033290559193106e-06, 6.205352148682692e-06, 6.378982967291997e-06, 6.554106339304483e-06, 6.7306403839716705e-06, 6.908497540290332e-06, 7.0875841181064414e-06, 7.267799883653837e-06, 7.4490376872725415e-06, 7.63118314056717e-06, 7.814114349663398e-06, 7.997701710517708e-06, 8.181807771441782e-06, 8.366287167135917e-06, 8.550986627601771e-06, 8.735745064341927e-06, 8.920393735268525e-06, 9.104756488756956e-06, 9.288650086307702e-06, 9.471884602339025e-06, 9.654263898740249e-06, 9.83558617098384e-06, 1.0015644561836754e-05, 1.0194227838037339e-05, 1.0371121124721797e-05, 1.0546106691897433e-05, 1.0718964786873832e-05, 1.08894745062756e-05, 1.1057414701069997e-05, 1.122256490794646e-05, 1.1384706300373595e-05, 1.1543622652727032e-05, 1.1699101311017212e-05, 1.185093416393857e-05, 1.199891860820033e-05, 1.2142858502370193e-05, 1.2282565103753524e-05, 1.2417857983131663e-05, 1.2548565912478848e-05, 1.2674527721060836e-05, 1.2795593115577131e-05, 1.2911623460237605e-05, 1.3022492512854152e-05, 1.3128087113178047e-05, 1.3228307819818642e-05, 1.3323069492141424e-05, 1.341230181356487e-05, 1.3495949752660824e-05, 1.3573973958419522e-05, 1.3646351085976761e-05, 1.3713074049028877e-05, 1.37741521950925e-05, 1.382961139971718e-05, 1.3879494075740797e-05, 1.3923859093712403e-05, 1.3962781609703502e-05, 1.3996352796907798e-05, 1.4024679477704262e-05, 1.4047883653240855e-05, 1.4066101928099574e-05, 1.4079484828236726e-05, 1.4088196011159484e-05, 1.4092411368205403e-05, 1.4092318019833508e-05, 1.4088113206007334e-05, 1.4080003075044884e-05, 1.406820137570951e-05, 1.4052928058804643e-05, 1.4034407796087639e-05, 1.4012868425908905e-05, 1.3988539336580327e-05, 1.3961649800048424e-05, 1.393242726995625e-05, 1.3901095659586565e-05, 1.3867873616450512e-05, 1.3832972811378664e-05, 1.3796596260854926e-05, 1.375893670196821e-05, 1.3720175039715316e-05, 1.3680478886442692e-05, 1.364000121294584e-05, 1.3598879130135764e-05, 1.3557232819226365e-05, 1.3515164627094387e-05, 1.3472758341818854e-05, 1.3430078661440739e-05, 1.3387170866710497e-05, 1.3344060706051246e-05, 1.3300754498187086e-05, 1.3257239454920585e-05, 1.3213484223435587e-05, 1.316943964430795e-05, 1.3125039718184847e-05, 1.3080202770901347e-05, 1.3034832803703678e-05, 1.2988821012300302e-05, 1.2942047455725036e-05, 1.2894382853522816e-05, 1.2845690487613087e-05, 1.2795828183389521e-05, 1.274465034321816e-05, 1.2692010004529848e-05, 1.2637760894188002e-05, 1.2581759450766348e-05, 1.252386678679365e-05, 1.2463950563914378e-05, 1.2401886755257064e-05, 1.2337561271079773e-05, 1.227087142593761e-05, 1.2201727228159106e-05, 1.2130052475277403e-05, 1.2055785642190394e-05, 1.1978880552165391e-05, 1.189930682429947e-05, 1.181705009463498e-05, 1.1732112011748581e-05, 1.1644510011217873e-05, 1.1554276876859784e-05, 1.1461460099971995e-05, 1.1366121050932325e-05, 1.1268333980372361e-05, 1.116818486968979e-05, 1.1065770152860241e-05, 1.0961195333315597e-05, 1.0854573521045164e-05, 1.0746023916027255e-05, 1.063567026459776e-05, 1.0523639315403645e-05, 1.0410059301175819e-05, 1.029505847169592e-05, 1.017876370204472e-05, 1.006129919852815e-05, 9.942785322613978e-06, 9.823337550814559e-06, 9.703065585760854e-06, 9.582072630780936e-06, 9.460454837171355e-06, 9.33830093008909e-06, 9.215692015653506e-06, 9.092701568488224e-06, 8.969395595614223e-06, 8.845832969383828e-06, 8.722065919079278e-06, 8.598140667941767e-06, 8.474098199798825e-06, 8.34997513716498e-06, 8.225804710742792e-06, 8.101617798684083e-06, 7.977444012810092e-06, 7.853312808255538e-06, 7.72925459270741e-06, 7.605301811557658e-06, 7.481489985876302e-06, 7.357858681126584e-06, 7.234452385964283e-06, 7.111321282263045e-06, 6.988521889650806e-06, 6.866117570288706e-06, 6.744178882324394e-06, 6.622783773357471e-06, 6.502017608307277e-06, 6.381973029217813e-06, 6.262749647708371e-06, 6.144453573924307e-06, 6.027196788899916e-06, 5.911096370157973e-06, 5.79627358308483e-06, 5.682852853085866e-06, 5.5709606356995655e-06, 5.4607242036908484e-06, 5.352270371624274e-06, 5.245724179509699e-06, 5.141207557801652e-06, 5.038837996308646e-06, 4.938727239430097e-06, 4.8409800295924125e-06, 4.7456929198174024e-06, 4.65295317504757e-06, 4.562837780201269e-06, 4.47541257097314e-06, 4.39073150116932e-06, 4.308836057918919e-06, 4.2297548334804715e-06, 4.153503259614879e-06, 4.080083507677574e-06, 4.009484554744196e-06, 3.941682413278662e-06, 3.8766405191305485e-06, 3.8143102700585323e-06, 3.7546317045631683e-06, 3.6975343086167985e-06, 3.642937935936609e-06, 3.5907538257898782e-06, 3.5408857009732252e-06, 3.4932309275892024e-06, 3.447681717565639e-06, 3.4041263545323766e-06, 3.362450423685139e-06, 3.3225380266205952e-06, 3.2842729628065067e-06, 3.2475398603380724e-06, 3.2122252399010543e-06, 3.178218497385535e-06, 3.1454127923382815e-06, 3.113705831369938e-06, 3.0830005377068245e-06, 3.0532056002552723e-06, 3.0242358977873356e-06, 2.9960127961184093e-06, 2.9684643183886424e-06, 2.941525190741322e-06, 2.9151367677746594e-06, 2.8892468440941887e-06, 2.8638093600799994e-06, 2.8387840115784023e-06, 2.8141357746091745e-06, 2.7898343573280097e-06, 2.7658535923868466e-06, 2.7421707834829267e-06, 2.718766020278187e-06, 2.6956214760048713e-06, 2.672720701957315e-06, 2.6500479327141333e-06, 2.6275874153541528e-06, 2.605322775140826e-06, 2.5832364291750546e-06, 2.561309058378077e-06, 2.5395191468901996e-06, 2.517842596583548e-06, 2.4962524229154013e-06, 2.474718536820378e-06, 2.4532076157812166e-06, 2.431683065656387e-06, 2.410105073301992e-06, 2.3884307485295913e-06, 2.3666143525113965e-06, 2.3446076083992194e-06, 2.3223600886805114e-06, 2.2998196726674634e-06, 2.2769330665165034e-06, 2.2536463773137655e-06, 2.2299057320449923e-06, 2.205657931700175e-06, 2.180851130346443e-06, 2.155435528737723e-06, 2.1293640719149367e-06, 2.1025931402826728e-06, 2.0750832238227604e-06, 2.0467995694153134e-06, 2.0177127916770204e-06, 1.987799438285014e-06, 1.9570425014243313e-06, 1.925431867766369e-06, 1.8929647002444668e-06, 1.8596457458284585e-06, 1.8254875645009337e-06, 1.7905106756905816e-06, 1.7547436195095198e-06, 1.7182229312579814e-06, 1.6809930287875153e-06, 1.643106013438536e-06, 1.6046213863761147e-06, 1.5656056832248115e-06, 1.5261320309359117e-06, 1.486279631795071e-06, 1.4461331803826097e-06, 