{"Pectins": {"detection": 239890.5, "ranking": 17.39, "module": {"x_axis_data": [99054.0, 118293.8, 137533.6, 156773.4, 176013.2, 195253.0, 214492.8, 233732.6, 252972.4, 272212.19999999995, 291452.0, 310691.8, 329931.6, 349171.4, 368411.2, 387651.0, 406890.8, 426130.6, 445370.39999999997, 464610.2, 483850.0, 503089.8, 522329.6, 541569.3999999999, 560809.2], "bar_data": [1.0917030567685588, 0.6550218340611353, 2.6200873362445414, 3.056768558951965, 3.2751091703056767, 3.711790393013101, 4.585152838427948, 8.296943231441048, 6.331877729257641, 6.11353711790393, 10.043668122270741, 7.423580786026202, 7.641921397379912, 5.240174672489083, 5.458515283842795, 5.676855895196507, 5.458515283842795, 1.9650655021834063, 4.366812227074235, 2.4017467248908297, 1.7467248908296942, 1.3100436681222707, 0.6550218340611353, 0.43668122270742354, 0.43668122270742354], "range_count": 25, "name": "Pectins", "h2": 446380.80525164114, "average": 326395.18161925604, "h1": 386387.99343544856, "l2": 216934.61269146609, "curve_data": [1.795049466277095e-07, 1.8617941454685626e-07, 1.930221211037921e-07, 2.0003722193557056e-07, 2.0722911708269867e-07, 2.1460244605953396e-07, 2.2216208001006942e-07, 2.2991311084929138e-07, 2.3786083731526503e-07, 2.4601074788419406e-07, 2.5436850052973105e-07, 2.6293989933861746e-07, 2.717308680270098e-07, 2.8074742043542066e-07, 2.899956281146743e-07, 2.994815851503956e-07, 3.092113704089278e-07, 3.1919100742282364e-07, 3.294264221687807e-07, 3.399233990246949e-07, 3.506875352248786e-07, 3.617241941630995e-07, 3.730384579213713e-07, 3.8463507942802176e-07, 3.965184346709641e-07, 4.0869247541095245e-07, 4.211606828544351e-07, 4.339260227561238e-07, 4.4699090242720885e-07, 4.603571301259802e-07, 4.7402587730321603e-07, 4.879976441649308e-07, 5.022722289997382e-07, 5.16848701697216e-07, 5.317253818571987e-07, 5.468998218580157e-07, 5.623687952145121e-07, 5.781282905144205e-07, 5.941735111747312e-07, 6.104988812084661e-07, 6.270980571371916e-07, 6.439639461263133e-07, 6.610887303592212e-07, 6.784638976034874e-07, 6.960802778581543e-07, 7.139280859065825e-07, 7.31996969535147e-07, 7.502760631149414e-07, 7.687540461827026e-07, 7.874192065989166e-07, 8.062595078065477e-07, 8.252626596637104e-07, 8.44416192278635e-07, 8.637075322361911e-07, 8.831240805725378e-07, 9.026532918288004e-07, 9.222827534963628e-07, 9.420002651558951e-07, 9.617939166095867e-07, 9.816521643116808e-07, 1.001563905415956e-06, 1.0215185487803844e-06, 1.0415060822985424e-06, 1.061517135963852e-06, 1.0815430401164003e-06, 1.1015758783717432e-06, 1.121608534786526e-06, 1.1416347348759858e-06, 1.1616490801625287e-06, 1.1816470760018028e-06, 1.2016251525020418e-06, 1.2215806784227686e-06, 1.2415119680094797e-06, 1.2614182807904617e-06, 1.28129981442944e-06, 1.3011576907926104e-06, 1.3209939354494383e-06, 1.3408114508831186e-06, 1.3606139837375452e-06, 1.3804060864728237e-06, 1.4001930738399127e-06, 1.4199809746167899e-06, 1.4397764790731401e-06, 1.4595868826479605e-06, 1.4794200263345388e-06, 1.4992842342703797e-06, 1.5191882490258233e-06, 1.539141165074952e-06, 1.5591523609164213e-06, 1.5792314302906146e-06, 1.599388112913955e-06, 1.6196322251218809e-06, 1.639973590780156e-06, 1.6604219727903153e-06, 1.6809870054806102e-06, 1.7016781281393649e-06, 1.7225045199143668e-06, 1.743475036270561e-06, 1.7645981471700181e-06, 1.785881877113035e-06, 1.8073337471589707e-06, 1.8289607190293502e-06, 1.8507691413854395e-06, 1.872764698367393e-06, 1.8949523604825746e-06, 1.917336337936865e-06, 1.939920036514232e-06, 1.9627060161262758e-06, 1.985695952174455e-06, 2.008890599892362e-06, 2.032289761863232e-06, 2.0558922589374784e-06, 2.079695904805912e-06, 2.1036974845149406e-06, 2.12789273723926e-06, 2.1522763436544795e-06, 2.176841918275074e-06, 2.2015820071411088e-06, 2.2264880912490466e-06, 2.2515505961265972e-06, 2.2767589079478994e-06, 2.3021013965724676e-06, 2.3275654458687677e-06, 2.353137491650138e-06, 2.3788030675068033e-06, 2.404546858763089e-06, 2.430352764723015e-06, 2.4562039692912974e-06, 2.482083019970327e-06, 2.5079719151380666e-06, 2.5338521994078395e-06, 2.5597050667598413e-06, 2.5855114710174813e-06, 2.6112522431207623e-06, 2.636908214525817e-06, 2.6624603459360328e-06, 2.6878898604483775e-06, 2.713178380080345e-06, 2.7383080645305155e-06, 2.7632617509217373e-06, 2.7880230931817115e-06, 2.812576699634115e-06, 2.836908267305933e-06, 2.861004711405286e-06, 2.884854288390323e-06, 2.9084467110353714e-06, 2.93177325390649e-06, 2.9548268476857872e-06, 2.9776021608331436e-06, 3.0000956671456083e-06, 3.022305697868378e-06, 3.0442324771273505e-06, 3.0658781395899395e-06, 3.0872467294184587e-06, 3.1083441797561427e-06, 3.1291782721793224e-06, 3.1497585757575393e-06, 3.1700963655843953e-06, 3.190204520873502e-06, 3.210097402952387e-06, 3.2297907137306333e-06, 3.249301335462811e-06, 3.2686471528693394e-06, 3.28784685891546e-06, 3.306919745776997e-06, 3.325885482738215e-06, 3.3447638829681826e-06, 3.3635746613054144e-06, 3.382337185342209e-06, 3.4010702222382984e-06, 3.4197916838051796e-06, 3.4385183724860694e-06, 3.4572657309098717e-06, 3.4760475977195986e-06, 3.494875972365515e-06, 3.513760791510336e-06, 3.5327097196178384e-06, 3.5517279561880993e-06, 3.5708180619627495e-06, 3.5899798062535963e-06, 3.6092100373495226e-06, 3.6285025777318653e-06, 3.647848145580111e-06, 3.6672343037805902e-06, 3.6866454373643927e-06, 3.7060627600002075e-06, 3.725464349857314e-06, 3.744825214837124e-06, 3.764117386852934e-06, 3.7833100445208315e-06, 3.8023696633138447e-06, 3.821260191931479e-06, 3.83994325335009e-06, 3.85837836875171e-06, 3.8765232022818555e-06, 3.894333824364772e-06, 3.911764991109916e-06, 3.928770437178827e-06, 3.945303179348975e-06, 3.961315827912206e-06, 3.976760902981246e-06, 3.9915911527488425e-06, 4.00575987075082e-06, 4.019221209225841e-06, 4.0319304857406615e-06, 4.043844480357807e-06, 4.054921720762335e-06, 4.065122752932005e-06, 4.074410395129038e-06, 4.082749973208478e-06, 4.090109535474097e-06, 4.09646004556549e-06, 4.101775552124008e-06, 4.106033334258566e-06, 4.109214022109491e-06, 4.111301692086892e-06, 4.112283936634809e-06, 4.112151908640357e-06, 4.110900340864767e-06, 4.1085275410171986e-06, 4.1050353633191876e-06, 4.100429157616331e-06, 4.094717697279306e-06, 4.087913087300574e-06, 4.08003065413031e-06, 4.071088818908365e-06, 4.061108955834311e-06, 4.050115237477514e-06, 4.0381344688618954e-06, 4.025195912167746e-06, 4.011331103875774e-06, 3.996573666138693e-06, 3.980959114104212e-06, 3.9645246608326275e-06, 3.947309021355002e-06, 3.929352217305607e-06, 3.910695383438684e-06, 3.8913805772065785e-06, 3.871450592436825e-06, 3.850948778002799e-06, 3.8299188622383995e-06, 3.8084047837048296e-06, 3.786450528778707e-06, 3.7640999763988128e-06, 3.7413967501841417e-06, 3.718384078022267e-06, 3.695104659123747e-06, 3.6716005384488912e-06, 3.6479129883363067e-06, 3.624082397100569e-06, 3.6001481643188536e-06, 3.5761486024928362e-06, 3.552120844753517e-06, 3.528100758271387e-06, 3.504122863042014e-06, 3.480220255736928e-06, 3.456424538340075e-06, 3.4327657513297507e-06, 3.4092723112139027e-06, 3.3859709522800693e-06, 3.3628866724801393e-06, 3.3400426834311048e-06, 3.3174603645754875e-06, 3.295159221606958e-06, 3.2731568493263867e-06, 3.2514688991492524e-06, 3.2301090515363346e-06, 3.2090889936634844e-06, 3.188418402682871e-06, 3.168104934956077e-06, 3.1481542216574e-06, 3.1285698711542376e-06, 3.1093534785687126e-06, 3.0905046429118445e-06, 3.072020992157124e-06, 3.0538982165859393e-06, 3.0361301106917364e-06, 3.018708623875264e-06, 3.0016239200984648e-06, 2.984864446592559e-06, 2.9684170116354558e-06, 2.9522668713277957e-06, 2.9363978252053377e-06, 2.920792320430543e-06, 2.905431564208699e-06, 2.8902956439754055e-06, 2.875363654804388e-06, 2.860613833388428e-06, 2.846023697853524e-06, 2.8315701925784875e-06, 2.8172298371103786e-06, 2.802978878191965e-06, 2.788793443851588e-06, 2.7746496984502113e-06, 2.7605239975353094e-06, 2.746393041317964e-06, 2.732234025568716e-06, 