{"glycopeptides": {"detection": 0.56, "ranking": 59.6, "module": {"x_axis_data": [0.0, 2.7432, 5.4864, 8.2296, 10.9728, 13.716, 16.4592, 19.202399999999997, 21.9456, 24.6888, 27.432, 30.175199999999997, 32.9184, 35.6616, 38.404799999999994, 41.147999999999996, 43.8912, 46.6344, 49.3776, 52.120799999999996, 54.864, 57.6072, 60.35039999999999, 63.093599999999995, 65.8368], "bar_data": [56.76855895196506, 0.43668122270742354, 0.6550218340611353, 0.21834061135371177, 0.0, 0.21834061135371177, 0.21834061135371177, 0.21834061135371177, 0.0, 0.0, 0.0, 0.0, 0.0, 0.0, 0.0, 0.0, 0.0, 0.0, 0.0, 0.0, 0.0, 0.0, 0.0, 0.0, 41.26637554585153], "range_count": 25, "name": "glycopeptides", "h2": 4.952166301969365, "average": 30.013129102844637, "h1": 2.551115973741794, "l2": 64.0780306345733, "curve_data": [0.32551262285599747, 0.32888142165063866, 0.3267078449089352, 0.3191670186064903, 0.30670432091705774, 0.2899940860549049, 0.2698807046317862, 0.24730918428216164, 0.22325302486314205, 0.1986469295897864, 0.17433055974842132, 0.15100753990918017, 0.12922160919947742, 0.1093495737213868, 0.09160886329042484, 0.07607623908018778, 0.06271361460021785, 0.05139699729532161, 0.041945098076920206, 0.034145008070284526, 0.027773314857021635, 0.022611959708199143, 0.01845890528401882, 0.01513422743862841, 0.01248255325475182, 0.010372867136960362, 0.008696647953422107, 0.007365141398894991, 0.006306367866540463, 0.005462260743591524, 0.004786152132089818, 0.00424068713205766, 0.0037961569037910318, 0.0034291897125211875, 0.0031217189062884712, 0.002860147175732558, 0.002634638535102371, 0.002438486496901539, 0.00226752452493578, 0.002119560676371127, 0.0019938313772277744, 0.0018904792488701081, 0.0018100668349152681, 0.0017531420535594477, 0.0017198723374200159, 0.001709762942033803, 0.0017214712052091518, 0.0017527232179543565, 0.0018003331462562047, 0.0018603190423841917, 0.0019281029878163096, 0.0019987781781722284, 0.002067421236890583, 0.0021294246497977174, 0.0021808217950558292, 0.0022185758164131875, 0.002240803996042766, 0.002246911943064297, 0.0022376174333826326, 0.0022148524536011547, 0.0021815437191542598, 0.0021412857464124468, 0.002097934831634143, 0.002055164867829067, 0.0020160344979135536, 0.001982617665812124, 0.0019557449945640255, 0.0019348915595194286, 0.0019182288023145706, 0.0019028369861025574, 0.001885052949932626, 0.0018609094218897915, 0.0018266098140899997, 0.0017789782655628487, 0.001715829351545644, 0.0016362144651992008, 0.001540520198916825, 0.0014304150121045873, 0.0013086606750598313, 0.0011788213553993465, 0.0010449135524544868, 0.0009110433621596059, 0.0007810740113270633, 0.0006583575700301003, 0.0005455522983443764, 0.00044453354330726435, 0.00035639362667235056, 0.000281516373577841, 0.00021970571835436723, 0.00017034532854487454, 0.00013256693195089336, 0.00010540813686818812, 8.794498536556162e-05, 7.93893465373115e-05, 7.914586383533748e-05, 8.682715756253913e-05, 0.00010222928420484203, 0.00012527220391951935, 0.0001559124134046793, 0.0001940371119800559, 0.00023935127582530396, 0.00029127061371836215, 0.00034883419334838224, 0.0004106501103554052, 0.0004748855334458416, 0.0005393086177558456, 0.0006013842829593078, 0.0006584192328678613, 0.0007077447262782446, 0.0007469195870506046, 0.0007739318677760543, 0.0007873763322178212, 0.000786586933425024, 0.0007717085994033887, 0.000743700169283592, 0.0007042690485191342, 0.0006557466216350465, 0.000600920264254372, 0.0005428418446188287, 0.00048463335009959845, 0.0004293078071078444, 0.0003796186772069887, 0.00033794454432524256, 0.00030620949066053276, 0.0002858343463123193, 0.0002777109180750328, 0.00028219078728877544, 0.00029908218324711555, 0.0003276521389793626, 0.00036663560063497115, 0.00041425721352507464, 0.0004682740558937684, 0.0005260478562731353, 0.0005846529122239861, 0.0006410212839184067, 0.0006921206441818231, 0.000735153585757697, 0.0007677615272294671, 0.0007882128150090182, 0.0007955540136088045, 0.0007897059825659458, 0.0007714918133748223, 0.000742591157195793, 0.0007054236756944257, 0.0006629719711599396, 0.0006185602713120187, 0.0005756086485960212, 0.0005373834593662851, 0.0005067633131434272, 0.00048603690017888794, 0.0004767452258998998, 0.0004795769363060051, 0.0004943219105415594, 0.0005198852440650831, 0.0005543609508009043, 0.0005951618289016997, 0.0006391986622727754, 0.0006830981959020409, 0.0007234453871741223, 0.0007570318837151552, 0.0007810903003162423, 0.0007934934486447946, 0.0007928997614612572, 0.0007788308647354359, 0.0007516741780587297, 0.0007126116681439968, 0.0006634842154032508, 0.0006066081717866733, 0.0005445654722195794, 0.0004799904148460417, 0.0004153748009653147, 0.0003529089360543199, 0.00029436989565882564, 0.00024106155835222339, 0.00019380432287961403, 0.00015296708600832568, 0.00011853055326704739, 9.016948585125851e-05, 6.734188977859266e-05, 4.937499630015073e-05, 3.554059465756644e-05, 2.5115277932149327e-05, 1.742396022699564e-05, 1.1867282247920008e-05, 7.935077026060463e-06, 5.2089053758307e-06, 3.3568908241757472e-06, 2.1238477507355157e-06, 1.319182713878486e-06, 8.044182676918264e-07, 4.815643130100146e-07, 2.830232165070692e-07, 1.6329963862675906e-07, 9.250043571684469e-08, 5.143961696679708e-08, 2.8083230595470982e-08, 1.505191641986629e-08, 7.920122924093303e-09, 4.091357578905881e-09, 2.0749056122701963e-09, 1.03305785564948e-09, 5.049476267198346e-10, 2.423055812311883e-10, 1.1414999366180287e-10, 5.279390143615654e-11, 2.3971047606389715e-11, 1.0685273999196565e-11, 4.676055997930047e-12, 2.008950033987259e-12, 8.473326839132457e-13, 3.5086025413635015e-13, 1.4262963806237388e-13, 5.692208221480964e-14, 2.2302172359828458e-14, 8.578452465253743e-15, 3.2394115169254837e-15, 1.2009327439831917e-15, 4.370857443691908e-16, 1.5617445159197748e-16, 5.478336801262781e-17, 1.8866131586417085e-17, 6.3784092566603276e-18, 2.117080125096573e-18, 6.898546568561171e-19, 2.2068524496988996e-19, 6.930816259561638e-20, 2.1369328018873628e-20, 6.46833846715488e-21, 1.9221620569842426e-21, 5.607672665235349e-22, 1.606093043296975e-22, 4.5160021368253797e-23, 1.2466167791079254e-23, 3.378369821681077e-24, 8.988284314326565e-25, 2.3476957049800936e-25, 6.020079146579229e-26, 1.5155071447040367e-26, 3.745494527327653e-27, 9.087736729681114e-28, 2.164699909197443e-28, 5.062150494511638e-29, 1.1621650140782453e-29, 2.6193644788943497e-30, 5.795881024058907e-31, 1.259036676251983e-31, 2.685051949236126e-32, 5.621631776659376e-33, 1.1554934546301581e-33, 2.3316747817253006e-34, 4.6191690119690726e-35, 8.983697544714534e-36, 1.7153066946276478e-36, 3.2153172814866093e-37, 5.91699603735666e-38, 1.0689911596111013e-38, 1.8960174955629607e-39, 3.3014593847470275e-40, 5.643713628272023e-41, 9.471513231233574e-42, 1.5605193686210697e-42, 2.52414528215037e-43, 4.0082511343327496e-44, 6.248717513195166e-45, 9.563618670450687e-46, 1.436974303726017e-46, 2.119684111495085e-47, 3.0696487151714836e-48, 4.364169441903647e-49, 6.091299044311986e-50, 8.346677429205967e-51, 1.1228266967968928e-51, 1.4828841454189008e-52, 1.9226361562794305e-53, 2.447272782149924e-54, 3.0581800200645437e-55, 3.7517950378253175e-56, 4.5186692555666044e-57, 5.342904301179911e-58, 6.20211233626854e-59, 7.068011581463416e-60, 7.907701520296898e-61, 8.68557701897443e-62, 9.365748139539409e-63, 9.914747655010475e-64, 1.0304246688314751e-64, 1.0513473418657806e-65, 1.0531047853724942e-66, 1.0356007183628213e-67, 9.997893157823816e-69, 9.47589045086889e-70, 8.817124288156588e-71, 8.054327521161244e-72, 7.22315609755793e-73, 6.359458045261389e-74, 5.496783150179887e-75, 4.664364631129476e-76, 3.885722430811645e-77, 3.177945512799121e-78, 2.551623015099407e-79, 2.0113236778518696e-80, 1.5564773793317796e-81, 1.1824942891891588e-82, 8.819636420798024e-84, 6.457994993409034e-85, 4.642373915466441e-86, 3.2762567446343056e-87, 2.26992995859222e-88, 1.5450729999553368e-89, 1.2008634961062757e-90, 2.6424246358138013e-90, 3.83242585191131e-89, 5.598803218915655e-88, 