{"aminoglycosides": {"detection": 53.23, "ranking": 82.42, "module": {"x_axis_data": [0.74, 18.9044, 37.0688, 55.233200000000004, 73.3976, 91.562, 109.7264, 127.8908, 146.0552, 164.2196, 182.38400000000001, 200.54840000000002, 218.71280000000002, 236.87720000000002, 255.04160000000002, 273.206, 291.3704, 309.5348, 327.6992, 345.8636, 364.028, 382.1924, 400.3568, 418.5212, 436.6856], "bar_data": [70.74235807860262, 13.537117903930133, 6.986899563318777, 3.711790393013101, 1.7467248908296942, 1.0917030567685588, 0.21834061135371177, 0.6550218340611353, 0.21834061135371177, 0.21834061135371177, 0.21834061135371177, 0.0, 0.0, 0.0, 0.0, 0.0, 0.0, 0.0, 0.0, 0.0, 0.21834061135371177, 0.0, 0.0, 0.0, 0.43668122270742354], "range_count": 25, "name": "aminoglycosides", "h2": 85.20247264770241, "average": 32.53763676148797, "h1": 51.417483588621444, "l2": 405.1661925601751, "curve_data": [0.010296868382871902, 0.01110388927212467, 0.011910177202461632, 0.012707883294902746, 0.013489025581404234, 0.01424565889956577, 0.0149700465137472, 0.015654827548988278, 0.01629317448493153, 0.016878935392340727, 0.017406756278066617, 0.01787217979380169, 0.018271717606303917, 0.018602894860807156, 0.018864266330626264, 0.019055404971317837, 0.019176864629492328, 0.01923011954595815, 0.019217484003629597, 0.01914201597936823, 0.019007408956450155, 0.01881787614483149, 0.01857803125577707, 0.018292769711140567, 0.017967153767713403, 0.017606304539346876, 0.01721530334051819, 0.01679910418940959, 0.016362458727318025, 0.015909854259991373, 0.015445465124944716, 0.014973117150435531, 0.014496264604230874, 0.014017978736178455, 0.013540946796393179, 0.013067480256050834, 0.012599530863773615, 0.012138713129704408, 0.01168633183345612, 0.011243413193127398, 0.010810738402828765, 0.010388878338591544, 0.009978228340777719, 0.00957904209960021, 0.009191463794392573, 0.008815557763075457, 0.008451335103121148, 0.008098776727567474, 0.007757852518694754, 0.007428536338233184, 0.007110816767512031, 0.006804703565263304, 0.0065102299462179965, 0.006227450900936901, 0.005956437896138278, 0.005697270413240266, 0.005450024897295015, 0.005214761793584725, 0.004991511438054811, 0.00478025963276288, 0.0045809337708185, 0.004393390369926804, 0.004217404824530036, 0.004052664091326491, 0.0038987628827597907, 0.0037552037628763163, 0.0036214013285328327, 0.0034966904284670333, 0.0033803381379199525, 0.003271558983371254, 0.0031695327165234314, 0.0030734237834479355, 0.002982401535404695, 0.002895660189873554, 0.002812437576625003, 0.0027320317919572244, 0.002653815027380116, 0.0025772440256177187, 0.0025018668321928205, 0.0024273257385249276, 0.0023533565354643886, 0.0022797843985919593, 0.0022065168948744653, 0.0021335347242147176, 0.0020608808829672524, 0.001988648957856998, 0.0019169712304000822, 0.001846007200074166, 0.0017759330282552687, 0.001706932275429928, 0.001639188163409776, 0.0015728774540743192, 0.0015081659073083256, 0.0014452051721848232, 0.0013841308835724302, 0.0013250616850170763, 0.0012680988790054989, 0.0012133264160102098, 0.0011608109702370825, 0.0011106019071651183, 0.0010627310189857758, 0.0010172119815022025, 0.0009740395625015495, 0.0009331886801613197, 0.0008946134647991313, 0.0008582465137263384, 0.0008239985442894298, 0.0007917586433656084, 0.0007613952834435603, 0.0007327582285168869, 0.0007056813913933225, 0.000679986632884943, 0.0006554884186407131, 0.0006319991773246556, 0.0006093351404111017, 0.0005873223943346808, 0.0005658028442391371, 0.0005446397778000398, 0.0005237227285703225, 0.0005029713702981584, 0.00048233822432033825, 0.00046181002762527647, 0.0004414076845852573, 0.00042118480507024925, 0.0004012249098569159, 0.0003816374553860835, 0.00036255288916300124, 0.00034411699068525914, 0.0003264847783241559, 0.0003098142691754529, 0.00029426036714436576, 0.0002799691264433917, 0.00026707259643506766, 0.0002556844033720615, 0.0002458961695786066, 0.0002377748155616759, 0.00023136073970711854, 0.00022666682721554158, 0.0002236782074398933, 0.0002223526583557677, 0.00022262154887928875, 0.00022439121332520358, 0.00022754466560516272, 0.00023194358111483802, 0.0002374304984238654, 0.00024383121743189233, 0.00025095739228599086, 0.0002586093332185481, 0.00026657903943023016, 0.0002746534839964367, 0.0002826181613272336, 0.0002902608887980737, 0.00029737582856571935, 0.0003037676658196411, 0.0003092558488271568, 0.00031367876735367514, 0.0003168977225205273, 0.00031880052564985887, 0.00031930455823972096, 0.0003183591311793999, 0.0003159469989809787, 0.0003120849135335836, 0.0003068231401521408, 0.000300243904207889, 0.000292458786550661, 0.00028360513709638804, 0.00027384162511411285, 0.00026334308882399967, 0.00025229488320362506, 0.00024088695122859578, 0.00022930785863942857, 0.0002177390349466336, 0.00020634945371057533, 0.00019529096380954298, 0.0001846944517091335, 0.0001746669744595833, 0.00016528995646581055, 0.00015661849245796817, 0.0001486817471356193, 0.00014148439127156567, 0.00013500896713322457, 0.00012921903517547684, 0.00012406292101851176, 0.00011947785827531544, 0.00011539430988384454, 0.00011174024874686489, 0.00010844518764979732, 0.00010544376801763288, 0.00010267874595766693, 0.00010010325060834868, 9.768223207092207e-05, 9.539306184134151e-05, 9.322529521709703e-05, 9.117965012485974e-05, 8.926629780337817e-05, 8.750259562478218e-05, 8.59104192501386e-05, 8.451326895592587e-05, 8.333333253389213e-05, 8.238868442751497e-05, 8.169078807408262e-05, 8.124244667581169e-05, 8.103631822562508e-05, 8.105407537281172e-05, 8.126625174329089e-05, 8.163277592048747e-05, 8.210415478435901e-05, 8.262323154794401e-05, 8.31274126547077e-05, 8.355123340186951e-05, 8.38291159964048e-05, 8.389816648561425e-05, 8.370085883688949e-05, 8.318746501648729e-05, 8.23181083478709e-05, 8.106434236006622e-05, 7.94101870337689e-05, 7.735258683082463e-05, 7.490128804739633e-05, 7.207816478761027e-05, 6.89160513087154e-05, 6.545716203530456e-05, 6.175119797443742e-05, 5.785324885153977e-05, 5.382160379617682e-05, 4.9715580097203076e-05, 4.5593470123898465e-05, 4.151069204487165e-05, 3.751821180306306e-05, 3.366128340023479e-05, 2.997853340776462e-05, 2.6501395161493967e-05, 2.3253879538642177e-05, 2.0252653516327623e-05, 1.750738553161169e-05, 1.502130834017944e-05, 1.2791945635619617e-05, 1.0811947903167566e-05, 9.069985382101745e-06, 7.55165098709472e-06, 6.240332891743081e-06, 5.118024486960215e-06, 4.1660479082383e-06, 3.3656756751275346e-06, 2.6986427119565555e-06, 2.1475477583315304e-06, 1.696148701702131e-06, 1.3295605679201136e-06, 1.0343677939385518e-06, 7.986640715621259e-07, 6.120336472708879e-07, 4.654876838753921e-07, 3.513683445528042e-07, 2.632318554969957e-07, 1.957201298508807e-07, 1.4442875588295878e-07, 1.0577739748294136e-07, 7.688702220000321e-08, 5.546692612312254e-08, 3.971330204495736e-08, 2.8220109823051577e-08, 1.9902249489747824e-08, 1.3930489276133158e-08, 9.677235024962054e-09, 6.67201327929438e-09, 4.56544583591875e-09, 3.1004887068089896e-09, 2.089766527731239e-09, 1.3979319492899862e-09, 9.281003416202863e-10, 6.11539436073016e-10, 3.9992139029621497e-10, 2.595645771518182e-10, 1.672002167951073e-10, 1.0689290202746972e-10, 6.782370599237611e-11, 4.271051229853515e-11, 2.6693692825534112e-11, 1.6557819695087682e-11, 1.0193380858240114e-11, 6.228076868350383e-12, 3.7766808584611615e-12, 2.2729360649613134e-12, 1.357640426165603e-12, 8.048276937204306e-13, 4.735236457414011e-13, 2.765037576734545e-13, 1.6024371791122094e-13, 9.216830389000205e-14, 5.2614177549672197e-14, 2.9808806237658195e-14, 1.676127261031287e-14, 9.353841421389176e-15, 5.180761799400334e-15, 2.8478549082629368e-15, 1.5536841029038221e-15, 8.412562001805391e-16, 4.52079472698534e-16, 2.411144861604023e-16, 1.2763155895942046e-16, 6.705578442435066e-17, 3.497252808746345e-17, 1.8117966973618942e-17, 9.347704902639592e-18, 4.852443534193851e-18, 2.6339609479880657e-18, 1.6856222340696507e-18, 1.5704582558868098e-18, 2.235040326609799e-18, 3.986559980352819e-18, 