{"fructo-OS": {"detection": 19203.0, "ranking": 24.68, "module": {"x_axis_data": [844.0, 4057.0, 7270.0, 10483.0, 13696.0, 16909.0, 20122.0, 23335.0, 26548.0, 29761.0, 32974.0, 36187.0, 39400.0, 42613.0, 45826.0, 49039.0, 52252.0, 55465.0, 58678.0, 61891.0, 65104.0, 68317.0, 71530.0, 74743.0, 77956.0], "bar_data": [1.5283842794759825, 2.1834061135371177, 3.9301310043668125, 7.20524017467249, 12.882096069868995, 10.698689956331878, 12.445414847161572, 14.847161572052403, 6.768558951965066, 5.895196506550218, 5.240174672489083, 3.2751091703056767, 4.366812227074235, 1.3100436681222707, 1.5283842794759825, 1.0917030567685588, 1.3100436681222707, 1.9650655021834063, 0.43668122270742354, 0.43668122270742354, 0.0, 0.21834061135371177, 0.0, 0.0, 0.43668122270742354], "range_count": 25, "name": "fructo-OS", "h2": 53925.29102844639, "average": 26681.582056892777, "h1": 39512.49015317287, "l2": 10335.356673960612, "curve_data": [1.2432091818742356e-06, 1.3092024675235052e-06, 1.3776347743026894e-06, 1.4485707511735588e-06, 1.5220787714488415e-06, 1.5982311443037163e-06, 1.6771042998510365e-06, 1.7587789448184795e-06, 1.843340186293589e-06, 1.9308776214943856e-06, 2.0214853920710415e-06, 2.1152622020384047e-06, 2.2123112990684136e-06, 2.312740419521922e-06, 2.416661698256173e-06, 2.5241915448900374e-06, 2.6354504888270357e-06, 2.750562995906779e-06, 2.8696572600607206e-06, 2.9928649737691725e-06, 3.120321081435843e-06, 3.252163519997679e-06, 3.388532951157218e-06, 3.5295724895507032e-06, 3.6754274309397803e-06, 3.82624498413306e-06, 3.982174009806116e-06, 4.143364768699183e-06, 4.309968680839759e-06, 4.482138096476836e-06, 4.660026078343623e-06, 4.843786193709451e-06, 5.0335723134680715e-06, 5.229538414268516e-06, 5.431838378463546e-06, 5.640625785462947e-06, 5.85605368697665e-06, 6.078274357651224e-06, 6.307439011782643e-06, 6.543697476163555e-06, 6.787197808727574e-06, 7.038085852515327e-06, 7.29650471463124e-06, 7.5625941603036895e-06, 7.836489912915733e-06, 8.118322851942979e-06, 8.408218102115532e-06, 8.706294008800324e-06, 9.012660996560173e-06, 9.327420310057916e-06, 9.650662638905829e-06, 9.982466630670116e-06, 1.0322897298982221e-05, 1.0672004336532234e-05, 1.1029820345570429e-05, 1.1396359001363958e-05, 1.1771613166789515e-05, 1.2155552978832654e-05, 1.2548123930151518e-05, 1.294924497099752e-05, 1.3358806658613083e-05, 1.3776669382705821e-05, 1.4202661696687197e-05, 1.4636578785027397e-05, 1.507818109729236e-05, 1.552719317917038e-05, 1.598330273005335e-05, 1.6446159915506775e-05, 1.6915376961242165e-05, 1.739052805300777e-05, 1.787114956415263e-05, 1.8356740629517247e-05, 1.8846764080792356e-05, 1.9340647754597632e-05, 1.9837786180306677e-05, 2.0337542650127502e-05, 2.0839251669188634e-05, 2.134222177843436e-05, 2.1845738738055034e-05, 2.2349069054032412e-05, 2.285146382522726e-05, 2.33521628833459e-05, 2.3850399193159997e-05, 2.434540347559181e-05, 2.4836409011784125e-05, 2.53226565821223e-05, 2.580339949043729e-05, 2.6277908620357674e-05, 2.6745477468068283e-05, 2.7205427093632763e-05, 2.7657110931605474e-05, 2.8099919400951364e-05, 2.8533284254352728e-05, 2.8956682607849438e-05, 2.9369640593460543e-05, 2.977173657998962e-05, 3.0162603910625497e-05, 3.054193311021136e-05, 3.090947352014094e-05, 3.126503432472242e-05, 3.160848493947115e-05, 3.193975473909101e-05, 3.2258832110801685e-05, 3.2565762827068505e-05, 3.286064774059238e-05, 3.314363981349814e-05, 3.341494050189577e-05, 3.3674795526242506e-05, 3.392349006706947e-05, 3.416134343450257e-05, 3.4388703268463664e-05, 3.460593933434268e-05, 3.4813436986137834e-05, 3.501159037544941e-05, 3.520079549014731e-05, 3.538144311092011e-05, 3.555391177714147e-05, 3.571856085549668e-05, 3.587572380552491e-05, 3.6025701735619945e-05, 3.616875734106834e-05, 3.6305109312394266e-05, 3.643492729764634e-05, 3.6558327496347754e-05, 3.667536895570442e-05, 3.6786050631407293e-05, 3.689030926608507e-05, 3.698801812827396e-05, 3.70789866438169e-05, 3.716296094002954e-05, 3.723962531093322e-05, 3.730860459952938e-05, 3.73694674806465e-05, 3.74217306155063e-05, 3.746486363701234e-05, 3.7498294913037234e-05, 3.752141802384534e-05, 3.753359887940331e-05, 3.7534183392856724e-05, 3.752250561803504e-05, 3.74978962516152e-05, 3.745969139464748e-05, 3.740724146362094e-05, 3.733992013819987e-05, 3.725713323125369e-05, 3.715832736687282e-05, 3.704299835371738e-05, 3.69106991442835e-05, 3.676104727545783e-05, 3.659373169200191e-05, 3.640851886229767e-05, 3.620525810467755e-05, 3.5983886052844286e-05, 3.5744430200106226e-05, 3.5487011474259776e-05, 3.521184580775612e-05, 3.491924468111408e-05, 3.460961463117838e-05, 3.4283455729571305e-05, 3.3941359050333464e-05, 3.358400315908768e-05, 3.321214966889026e-05, 3.282663792004484e-05, 3.2428378852381726e-05, 3.201834814865768e-05, 3.159757873667417e-05, 3.116715274530435e-05, 3.072819301575579e-05, 3.028185427399934e-05, 2.9829314073304946e-05, 2.937176361721756e-05, 2.89103985730827e-05, 2.8446409984419225e-05, 2.7980975387090998e-05, 2.751525022943235e-05, 2.7050359690336872e-05, 2.658739098194783e-05, 2.6127386215138015e-05, 2.5671335896589486e-05, 2.5220173116149612e-05, 2.4774768472425045e-05, 2.433592577345969e-05, 2.390437853800683e-05, 2.3480787311529223e-05, 2.306573779981649e-05, 2.2659739812161796e-05, 2.2263226995545773e-05, 2.1876557331372908e-05, 2.1500014357127382e-05, 2.1133809066968914e-05, 2.0778082437872243e-05, 2.0432908521506636e-05, 2.0098298036711985e-05, 1.977420239320357e-05, 1.9460518074054587e-05, 1.9157091302573706e-05, 1.8863722918411527e-05, 1.8580173388074106e-05, 1.8306167876458042e-05, 1.804140130850523e-05, 1.7785543353541288e-05, 1.7538243269242614e-05, 1.729913454738439e-05, 1.7067839309466323e-05, 1.6843972406887824e-05, 1.6627145187443558e-05, 1.641696889740972e-05, 1.6213057696271845e-05, 1.6015031269076963e-05, 1.582251702934238e-05, 1.5635151913291244e-05, 1.54525837737754e-05, 1.527447238946387e-05, 1.510049011158963e-05, 1.493032217664706e-05, 1.4763666718803773e-05, 1.4600234520341073e-05, 1.4439748542081716e-05, 1.4281943278438028e-05, 1.4126563983368716e-05, 1.397336581414138e-05, 1.3822112939352753e-05, 1.3672577656175983e-05, 1.3524539559319786e-05, 1.337778480075985e-05, 1.3232105475017615e-05, 1.3087299159717838e-05, 1.2943168635472956e-05, 1.2799521802953914e-05, 1.2656171808461875e-05, 1.2512937382568878e-05, 1.2369643389611729e-05, 1.2226121579165006e-05, 1.2082211524247422e-05, 1.1937761725086343e-05, 1.1792630851920448e-05, 1.1646689095692112e-05, 1.1499819591677003e-05, 1.135191987821382e-05, 1.120290335079492e-05, 1.1052700670904982e-05, 1.090126108916262e-05, 1.0748553643522259e-05, 1.0594568195490184e-05, 1.0439316270441161e-05, 1.028283167210411e-05, 1.01251708460113e-05, 9.96641297205185e-06, 9.806659772099429e-06, 9.646035024847223e-06, 9.484683786323725e-06, 9.322771320926053e-06, 9.160481754034272e-06, 8.998016463212644e-06, 8.835592230520686e-06, 8.673439183422002e-06, 8.51179855607868e-06, 8.350920306366118e-06, 8.19106062665969e-06, 8.032479388286898e-06, 7.875437560476984e-06, 7.72019464467032e-06, 7.5670061641932765e-06, 7.416121247598219e-06, 7.267780341473215e-06, 7.122213085320286e-06, 6.979636377273648e-06, 6.840252655089059e-06, 6.704248412091215e-06, 6.571792962741703e-06, 6.4430374673052584e-06, 6.318114219870964e-06, 6.197136198845686e-06, 6.080196874093646e-06, 5.9673702602514535e-06, 5.85871120149818e-06, 5.754255869283996e-06, 5.6540224512870466e-06, 5.558012007228264e-06, 5.466209465163454e-06, 5.378584730512397e-06, 5.295093879380071e-06, 5.215680407664537e-06, 5.140276508006325e-06, 5.068804347775313e-06, 5.001177322965968e-06, 4.9373012650198375e-06, 4.877075580148031e-06, 4.820394303613257e-06, 4.767147054571956e-06, 4.71721988039241e-06, 4.670495982773656e-06, 4.626856321412922e-06, 4.586180094330123e-06, 4.5483450971846885e-06, 4.513227966946622e-06, 4.480704318051633e-06, 4.45064878162831e-06, 4.4229349604912615e-06, 4.397435314315359e-06, 4.374020990718292e-06, 4.352561618868357e-06, 